path,name,kind,written_in,screen,language,encoding,runs,run_note,description,source,disks,sha256
kits/common/development/BASIC.SAV,BASIC.SAV,program,assembler (no runtime library),text,en,ascii,ran,,"BASIC / RAFOS V02-030 interpreter; asks which optional functions to load (ALL, NONE, OR INDIVIDUAL)",program screen,1,dbdca9ec1f447992c3baace0f397def1a0b57ba45de144497c726b85e9357459
kits/common/development/BASICO.DOC,BASICO.DOC,text,,,ru+en,koi8-r,,,"Manual of БЕЙСИК-ОМЕГА («РАЗРАБОТАН ЛЬВОВСКИМ НАУЧНО-ИССЛЕДОВАТЕЛЬСКИМ ПРЕДПРИЯТИЕМ ""ОМЕГА""»), 363 blocks. Pages 8-14 are lost: under blocks 29-45 the diskette holds monitor swap code, not text, and the three reads of disk5 (the only disk with the file) disagree there",gap analysis 2026-09-06,1,0b22166070792f780e588dcb88d565ca1a644166b44024580ad04940cad32353
kits/common/development/BASICO.SAV,BASICO.SAV,program,assembler (no runtime library),text,ru+en,koi8-r,ran,,"Omega BASIC for the Elektronika MS 0515, edition 1-01a; the native BASIC of the machine, ready prompt in Russian",program screen,16,9ac32ba9c014a951c2094786204986fec24ba41fc6e4d0b5794337b8dadd2e94
kits/common/development/DESS.SAV,DESS.SAV,program,assembler (no runtime library),text,en,ascii,ran,prompt; answers ?DEZI-F-FilenotfoundDK:NOSUCH.XXX*,"DEZI V05.01, 'Originally written by D. Climov' (phone in the banner): an interactive octal dump viewer-cum-disassembler - full-screen word dump with ASCII gutter, BLCK/ADDR/TYPE header, a Stack line and a live 'Macro-11:' disassembly of the word at the cursor; modes words/bytes/radix/ascii/Inst, pattern search. The machine's резидентный инструмент дизассемблирования; on all five of the keeper's disks",banner + live run on DIR.SAV 2026-09-05 (screenshot with Macro-11: HALT),5,bd0665c3c8640ef5f8e6b0afefb1e4e90321116520c6cd97f9572a6b893dff2a
kits/common/development/FORLIB.OBJ,FORLIB.OBJ,object/library,,,en,ascii,,,The FORTRAN IV run-time library (105 KB) that the OMSI Pascal programs are LINKed against for RAN and the FORTRAN-declared routines,strings 2026-09-06,6,b0e071fa478a22d449f3125d3dd82cf96d9bf8aff6b549b6516e9850ab90d8a8
kits/common/development/FORTRA.SAV,FORTRA.SAV,program,assembler (no runtime library),text,en,ascii,ran,,FORTRAN compiler; prompts with * for a command line the way the RT-11 compilers do,program screen,8,02fa7a6e143ac7dc11e9529724209f5b19f156a21961aa3105b7558f73ae1ba5
kits/common/development/GETDAT.PAS,GETDAT.PAS,source,,,,,,,"getdat(var d:data) - the system date (year 1972.., month, day) unpacked from the RT-11 .DATE word with inline MACRO-11 ({$C ... }), a unit for programs that stamp their output",read from the source 2026-09-06,2,b63341ce9c24832c4e7996e921cdf56f5e766c8b7d1948a0ddd699acd4d9e346
kits/common/development/GRAPH.P1U,GRAPH.P1U,data,,,,,,,"Declarations file of the PASGRF graphics library for OMSI Pascal-1: the EXTERNAL procedure headers (InitGraph, SetColor, SetFon, SetBorder, SetPixel...) to include in a program that links with PASGRF.OBJ",read 2026-09-06,4,6fc757560c75a54cccdb0e16ddb4d2db13ca2bd1787ca9cc3a42c9bc13ac39b3
kits/common/development/K13U.SAV,K13U.SAV,program,assembler (no runtime library),text,ru+en,koi8-r,ran,"bare prompt, no answer to a bogus file name","Screen text editor of the ОСА/ОМЕГА kits (the K13/KED family; alias K52.SAV), the build eight disks carry byte-identical; two of its messages are still English («WORKING...», «Model:») - KED.SAV is the same binary with them translated. Its keyboard layout is described in R15.DOC",byte diff of the family 2026-09-06,8,c80b5bca6911dc13f1a29a0dc87f349e16011742fdc3731650cb64dba6f682a3
kits/common/development/KED.SAV,KED.SAV,program,assembler (no runtime library),text,ru+en,koi8-r,ran,"bare prompt, no answer to a bogus file name","Keypad screen editor: the K13U.SAV binary with its last two English strings translated («Работаю...», «Образ:»), from the vvv disks (h0, disk3, disk4). A PAPER-family copy differs by one word in a key table; K13U and the eight-disk build agree with this one, so this is the sound build",byte diff of the family 2026-09-06,3,788620421a597b319d7d3a604681026dcc5ac037ffcfa54024649ac1ce49072f
kits/common/development/PAS1.OBJ,PAS1.OBJ,object/library,,,en,ascii,,,"The OMSI Pascal run-time support module («Trap to 4», «Not a valid device», «End of file on device»…) every compiled program is LINKed with",strings 2026-09-06,6,9cdeed1f03b1beba382e3f91b5480812c82593ad646836a9fb5a853b3f4e4170
kits/common/development/PAS1.SAV,PAS1.SAV,program,assembler (no runtime library),text,en,ascii,ran,prompt; answers ?CSI-F-Файлненайден*,First pass of the Pascal compiler; prompts with * for a command line,program screen,13,0e79f7b1a31933c2e3de88655a04d0f3d7076de0f9bc4d2e968ef86aa79566fb
kits/common/development/PAS1HD.OBJ,PAS1HD.OBJ,object/library,,,,,,,A one-block object module whose only text is «Graphics library -- copyleft by Naumov A.I.» - the header of the graphics library,strings 2026-09-06,1,8539d3195820d901985969001af5cb21362a7ff44213435281196974b5044825
kits/common/development/PASCAL.LST,PASCAL.LST,text,,,ru+en,koi8-r,,,"The Pascal language listing/reference that came with the compiler. Two reads of disk5 survived; this is the clean one (the other has junk in blocks 130, 150, 168-170)",two disk5 reads compared 2026-09-06; canonical version picked in decisions.tsv,1,4164731eb6c0316177c03529f6520a3524f5d3d55101faad58c270a07ed43b99
kits/common/development/PASGR.DOC,PASGR.DOC,text,,,ru,koi8-r,,,"Manual of the Pascal graphics library PASGRF.OBJ: InitGraph, SetColor, SetFon, SetBorder, SetBright/ResBright, SetFlach, drawing and text routines, KbMode/inkey keyboard polling, with examples. Three reads of disk5 survived; this is the one clean one (the other two carry corrupt blocks 6-13 and 26)",three disk5 reads compared 2026-09-06; canonical version picked in decisions.tsv,1,115fea56ecb3a0478db499d55f72e8ff546ac3c820e7dd0c4117e3c28c9d9e1e
kits/common/development/PASGRF.OBJ,PASGRF.OBJ,object/library,,,,,,,"The graphics library for OMSI Pascal on the МС-0515: InitGraph, SetPixel, LINE, sprites - what the graphics programs LINK with",strings 2026-09-06,2,c9cadedc0f901468156074de010c7acd64a7ec216b39ddcee11e027b9ca5f94c
kits/common/development/PASLIB.OBJ,PASLIB.OBJ,object/library,,,,,,,"The Pascal library with the terminal routines (ClrScr, GotoXY, Inkey, KbMode, cursor on/off) the programs declare EXTERNAL",strings 2026-09-06,5,5d70cb23ee665c21d1085dd63cb8ff49b5b374c315c960a7e2dd8d61a4f7b4b1
kits/common/development/PASUSE.LST,PASUSE.LST,text,,,ru+en,koi8-r,,,"«ПАСКАЛЬ - руководство программиста», 45 sheets, 1982: the Pascal programmer's manual of the machine",title page 2026-09-06,1,4ec5d643b0f51c4ee7f6c74dc3e2601407fe72e593bfee0b5e57a0bd40294e8d
kits/common/development/R15.DOC,R15.DOC,text,,,ru+en,koi8-r,,,"«Описание работы с экранным редактором текста K13U(K52)» - the manual of the K13 family editor (R15/K13U/KED): the keypad map of the МС0515 (ПФ1-ПФ4, страница/абзац/добавить/стирзнак...), the editor's functions and commands",read 2026-09-06,2,d1558cc2f063ce1fec44cb0e5d36ca472ea7c1cf6e6318e5a181cb52fe3f8ed6
kits/common/development/R15.HLP,R15.HLP,text,,,ru,koi8-r,,,«Ввод псевдографических символов в редакторе R15» - how to enter pseudo-graphics in the editor with the КМП (compose) key,read 2026-09-06,2,e81b3cc401425fb588a23b3d546e63d52653f47ae992b9c7233720529863f90e
kits/common/development/R15.SAV,R15.SAV,program,assembler (no runtime library),text,ru+en,koi8-r,ran,"bare prompt, no answer to a bogus file name","«Редактор текста R15» V01.2 - Rodionov's edition of the K13U/KED screen editor (same 27648-byte binary, 952 bytes apart): every prompt Russian («Ждите...», «Повтор:», «Поиск:», «Команда:»), the help frame redrawn in pseudo-graphics, keypad functions ДАЛЕЕ/СТИРСТРОК/СПРАВКА...; prompts with * for the file name like the others",byte diff vs K13U 2026-09-06,2,7ffee26166acd7c68e7a2f2fea2b0be2aa6a8e95c0084d1050007eed01ad58ac
kits/common/development/REDUMP.SAV,REDUMP.SAV,program,assembler (no runtime library),text,en,ascii,ran,"bare prompt, no answer to a bogus file name","DEZI V05.01 by D. Climov with the banner hex-patched to 'REDUMP B5.0e' - a local rebadge of DESS.SAV, the same program (string tables byte-identical); unrelated to the small REDUMP.PAS in PROGS.DSK",banner comparison: 'REDUMP B5.0e ...ginally written by D. Climov',1,f29f7dc3113daf71b30c7fc31cc735c942b7c89cc82e0704b5cbbce640812239
kits/common/development/SETPIX.PAS,SETPIX.PAS,source,,,,,,,"SetPixel for the 640x200 hi-res screen written straight against the hardware: the pixel byte at VRAM 40000B + 80*y + x div 8, ORed with the bit mask, with the memory-dispatcher register 177400B / its shadow at 157700B switched to reach the video bank and restored; a one-call test main follows",read from the source 2026-09-06,2,f1dbfeead45c5e21a0af2338b0284140a650590fc9f0a6d66b8ad315b0250c70
kits/common/development/SPR.SAV,SPR.SAV,program,high-level (runtime library linked),text,ru+en,koi8-r,ran,,"«Программа создания файла спрайтов для языка PASCAL-RAFOS»: asks for the file name, the screen resolution (0 medium, 1 high) and then, sprite by sprite up to 256, the image colour, the background, the brightness and the blink, and writes the sprite file a Pascal program reads.  Not the BASIC «Редактор SPRITE» of SPRED.BAS and not what SPRED.DOC describes: the OMSI Pascal run-time messages are inside it («TRAP TO 4», «BAD SUPPORT PACKAGE»), so it was compiled with PAS1, and it answers an empty file name with «Я что-то не пойму, за каким хреном ты меня запускал?»",its own banner and the OMSI Pascal run-time strings in it 2026-09-22,4,578e60fc70a13db89e56c27dca9598b0a37aa427d6668cf20fb53c62f9e0975c
kits/common/development/STRING.PAS,STRING.PAS,source,,,,,,,"String library for OMSI Pascal (which has no string type): STRING = array[1..79] of char with STRINIT, STRLENG, STRREAD (raw keyboard input through the external KBMODE/INKEY of PASGRF, with backspace editing), STRWRITE, STRDELETE, STRINSERT and VAL (string to real with an error position); ends with a small self-test main",read from the source 2026-09-06,2,7810b7a6ababc2fc9dcd2fcc97fe88ec1d895b2f69e8b96702ad6c0348f41e71
kits/common/development/SYSLIB.OBJ,SYSLIB.OBJ,object/library,,,,,,,The RT-11 system library SYSLIB (28 KB) LINK draws the system calls from,strings 2026-09-06,5,5f12d6ff00e08484ca6b341f12f69f4cf634fe98aeee8cb3079342272a7d98e9
kits/common/development/SYSMAC.SML,SYSMAC.SML,object/library,,,en,ascii,,,MACRO-11 system macro library,DEC RT-11,4,a9d716957163b53d86ddd4f9f65a172b9c4c456aaf6272509fb0ec7f4716485e
kits/common/diag/183107.SAV,183107.SAV,program,assembler (no runtime library),text,ru,koi8-r,failed,dropped into ODT at 001414,"The factory exerciser (Uprazhnitel MS0515 V1.0) from the manual: prints its banner, tells the operator to set the work mode in cell 001076 and drops into ODT BY DESIGN - the mode is deposited with D and the run resumed with P.  The C* timing meters are its companions",program screen + factory manual,4,1840f4660b70291bcdcbf69bfd3e2d3acbba4949cf6bfc988182198d45b6f127
kits/common/diag/184106.SAV,184106.SAV,program,assembler (no runtime library),,ru,koi8-r,failed,dropped into ODT at 000020,Companion of the 183107 exerciser in .EXE form; enters ODT at 000020 on start - likely the same deposit-and-proceed interface,program screen; shipped as .SAV: the .EXE name is the collector's later renaming on disk4,1,320bcafba75eb6ccc004d95f8e1e009287a64f19827668f72246961d00d14f08
kits/common/diag/CADD.SAV,CADD.SAV,program,assembler (no runtime library),text,,,ran,needs the instruction emulator (SET EM ON),One of the C* instruction-timing suite: measures ADD in CPU cycles per addressing mode against the 50 Hz timer; needs the instruction emulator resident (SET EM ON or R GETEML),program screen + forum,1,7c95a5ee11a96e0d4ffda41f21b084a827f48166a8dd3167a82e9503dbe174a2
kits/common/diag/CBIC.SAV,CBIC.SAV,program,assembler (no runtime library),text,,,ran,needs the instruction emulator (SET EM ON),One of the C* instruction-timing suite: measures BIC in CPU cycles per addressing mode against the 50 Hz timer; needs the instruction emulator resident (SET EM ON or R GETEML),program screen + forum,1,3b24de048137d95135bf707e48420d101d634905b855d6a66994ebf73fb0216f
kits/common/diag/CBICB.SAV,CBICB.SAV,program,assembler (no runtime library),text,,,ran,needs the instruction emulator (SET EM ON),One of the C* instruction-timing suite: measures BICB in CPU cycles per addressing mode against the 50 Hz timer; needs the instruction emulator resident (SET EM ON or R GETEML),program screen + forum,1,d1e6a85d3abf578303767a9f4aa3ccb4f6141b76c21bd37101991659f4f8c302
kits/common/diag/CBIS.SAV,CBIS.SAV,program,assembler (no runtime library),text,,,ran,needs the instruction emulator (SET EM ON),One of the C* instruction-timing suite: measures BIS in CPU cycles per addressing mode against the 50 Hz timer; needs the instruction emulator resident (SET EM ON or R GETEML),program screen + forum,1,7fb87978bbf8a8c526cadd7377bfc4dcb0e4dea0925671019dc207f236ee0550
kits/common/diag/CBISB.SAV,CBISB.SAV,program,assembler (no runtime library),text,,,ran,needs the instruction emulator (SET EM ON),One of the C* instruction-timing suite: measures BISB in CPU cycles per addressing mode against the 50 Hz timer; needs the instruction emulator resident (SET EM ON or R GETEML),program screen + forum,1,40b541de5d13d76e02f00dba8521721cc483d7e3da149ced750feebe2d4cdc54
kits/common/diag/CBIT.SAV,CBIT.SAV,program,assembler (no runtime library),text,,,ran,needs the instruction emulator (SET EM ON),One of the C* instruction-timing suite: measures BIT in CPU cycles per addressing mode against the 50 Hz timer; needs the instruction emulator resident (SET EM ON or R GETEML),program screen + forum,1,fb39cba0174f62895e9d12fa488fa9110929fcad59304c39a9a54b42069cd9eb
kits/common/diag/CBITB.SAV,CBITB.SAV,program,assembler (no runtime library),text,,,ran,needs the instruction emulator (SET EM ON),One of the C* instruction-timing suite: measures BITB in CPU cycles per addressing mode against the 50 Hz timer; needs the instruction emulator resident (SET EM ON or R GETEML),program screen + forum,1,28f683f4b628fe0fc1563a9f2889da5deec26e0784cee25fd1651568e2188019
kits/common/diag/CBR.SAV,CBR.SAV,program,assembler (no runtime library),text,,,ran,needs the instruction emulator (SET EM ON),One of the C* instruction-timing suite: measures branches in CPU cycles per addressing mode against the 50 Hz timer; needs the instruction emulator resident (SET EM ON or R GETEML),program screen + forum,1,cf9621b33508c9b09ed1fb442264f007380fa9a3ec5c491e6f6b4d33b98e2903
kits/common/diag/CCMP.SAV,CCMP.SAV,program,assembler (no runtime library),text,,,ran,needs the instruction emulator (SET EM ON),One of the C* instruction-timing suite: measures CMP in CPU cycles per addressing mode against the 50 Hz timer; needs the instruction emulator resident (SET EM ON or R GETEML),program screen + forum,1,77aa3d972f8a59f07fc04fd3c27b1ebfcd82882070f4d307f4e595a3ee83aa9a
kits/common/diag/CCMPB.SAV,CCMPB.SAV,program,assembler (no runtime library),text,,,ran,needs the instruction emulator (SET EM ON),One of the C* instruction-timing suite: measures CMPB in CPU cycles per addressing mode against the 50 Hz timer; needs the instruction emulator resident (SET EM ON or R GETEML),program screen + forum,1,b18b1b3ff9ebfe892dc37fc071a9831c5eca6b02c944be6e0297d7037229891b
kits/common/diag/CJMP.SAV,CJMP.SAV,program,assembler (no runtime library),text,,,ran,needs the instruction emulator (SET EM ON),One of the C* instruction-timing suite: measures JMP in CPU cycles per addressing mode against the 50 Hz timer; needs the instruction emulator resident (SET EM ON or R GETEML),program screen + forum,1,2b5d91324f542c464112e8e01ac508940399842af069cfaa2541e7998bfed763
kits/common/diag/CMOV.SAV,CMOV.SAV,program,assembler (no runtime library),text,,,ran,needs the instruction emulator (SET EM ON),"Instruction timing meter: measures MOV in CPU cycles for every addressing-mode pair and prints the matrix, using the 50 Hz vector-100 interrupt as the timebase (word 1002 holds the calibration).  One of the C* suite; needs the instruction emulator resident (SET EM ON or R GETEML).  Alex_K ran it on real hardware: 7.5 MHz",program screen + forum,1,7e5894e423c71935bd030bf171d505050dd62eb593780703a3c802e921cf2979
kits/common/diag/CMOVB.SAV,CMOVB.SAV,program,assembler (no runtime library),text,,,ran,needs the instruction emulator (SET EM ON),One of the C* instruction-timing suite: measures MOVB in CPU cycles per addressing mode against the 50 Hz timer; needs the instruction emulator resident (SET EM ON or R GETEML),program screen + forum,1,7ac375c0a819e0eafd89632a0403ec9286d5bbf096e3bca2287b7f4419adb260
kits/common/diag/COP1.SAV,COP1.SAV,program,assembler (no runtime library),text,en,ascii,ran,needs the instruction emulator (SET EM ON),One of the C* instruction-timing suite: measures single-operand ops in CPU cycles per addressing mode against the 50 Hz timer; needs the instruction emulator resident (SET EM ON or R GETEML),program screen + forum,1,248320dd3094da59d3004b0d4dc0e1504dfff38613826093c05dcb5aa2404b49
kits/common/diag/COP2P0.SAV,COP2P0.SAV,program,assembler (no runtime library),text,,,ran,needs the instruction emulator (SET EM ON),One of the C* instruction-timing suite: measures two-operand ops (part 0) in CPU cycles per addressing mode against the 50 Hz timer; needs the instruction emulator resident (SET EM ON or R GETEML),program screen + forum,1,fb844ce2e101405fa24285fcfeb4b8273a1e67922461d99243719027f35883e6
kits/common/diag/COP2P1.SAV,COP2P1.SAV,program,assembler (no runtime library),text,,,ran,needs the instruction emulator (SET EM ON),One of the C* instruction-timing suite: measures two-operand ops (part 1) in CPU cycles per addressing mode against the 50 Hz timer; needs the instruction emulator resident (SET EM ON or R GETEML),program screen + forum,1,abc7103ff536cf755a95f3395dc8e1fbafe4d0b6c55b7b361a81a65aed4c537b
kits/common/diag/COP2P2.SAV,COP2P2.SAV,program,assembler (no runtime library),text,,,ran,needs the instruction emulator (SET EM ON),One of the C* instruction-timing suite: measures two-operand ops (part 2) in CPU cycles per addressing mode against the 50 Hz timer; needs the instruction emulator resident (SET EM ON or R GETEML),program screen + forum,1,41f4b2b03f3358bc8a56d628350e3b2c53a41c41cd4edaa991d805e9313b4411
kits/common/diag/COP2PC.SAV,COP2PC.SAV,program,assembler (no runtime library),text,,,ran,needs the instruction emulator (SET EM ON),One of the C* instruction-timing suite: measures PC-addressing ops in CPU cycles per addressing mode against the 50 Hz timer; needs the instruction emulator resident (SET EM ON or R GETEML),program screen + forum,1,1de8fffa9acc29341f2439b58413f5f8596e4c80d8185c3273557fffe292947d
kits/common/diag/CPRF.SAV,CPRF.SAV,program,assembler (no runtime library),text,en,ascii,ran,needs the instruction emulator (SET EM ON),One of the C* instruction-timing suite: measures performance summary in CPU cycles per addressing mode against the 50 Hz timer; needs the instruction emulator resident (SET EM ON or R GETEML),program screen + forum,1,0a5c750bc8ec5d6473a15b5f632a614df729cf0f154613ec2560663e11b781f0
kits/common/diag/CRDWR.SAV,CRDWR.SAV,program,assembler (no runtime library),text,en,ascii,ran,needs the instruction emulator (SET EM ON),One of the C* instruction-timing suite: measures memory read/write in CPU cycles per addressing mode against the 50 Hz timer; needs the instruction emulator resident (SET EM ON or R GETEML),program screen + forum,1,6c47b746d8ef4e39ab2e9357f36a3e576e0965e3a7d9d5633a4eaa852cd176d1
kits/common/diag/CRDWR1.SAV,CRDWR1.SAV,program,assembler (no runtime library),text,en,ascii,ran,needs the instruction emulator (SET EM ON),One of the C* instruction-timing suite: measures memory read/write (part 1) in CPU cycles per addressing mode against the 50 Hz timer; needs the instruction emulator resident (SET EM ON or R GETEML),program screen + forum,1,5a347c3b618ff6f8d766e76e0a65eb39412479fd113b5f8595ca604fb8c48f41
kits/common/diag/CSOB.SAV,CSOB.SAV,program,assembler (no runtime library),text,,,ran,needs the instruction emulator (SET EM ON),One of the C* instruction-timing suite: measures SOB in CPU cycles per addressing mode against the 50 Hz timer; needs the instruction emulator resident (SET EM ON or R GETEML),program screen + forum,1,525973b6600a665b5ce4ea0bebb96cd90b2f7e782c8d5043bf701bd8e317e8aa
kits/common/diag/GETEML.SAV,GETEML.SAV,program,assembler (no runtime library),text,,,exited 7/8,,"Loadable instruction-set emulator: hooks the reserved-instruction vector (10), relocates to 154000 and emulates the EIS/FIS instructions the KR1807VM1 lacks (FADD/FSUB/FMUL/FDIV confirmed by disassembly; CMOV.SAV's MUL/DIV work under it too).  Resident: prints nothing.  The driver form is EM.SYS (SET EM ON)",disassembly + experiment,5,1491920f35888c202aa5362d96aee675d5b7b45aae223ba25eaba874960e3577
kits/common/diag/SCN15I.SAV,SCN15I.SAV,program,assembler (no runtime library),text,,,ran,,"Prints its title ""Scan-code of keys (interrupt), Alphaprog"" and waits for keys - a keyboard scan-code viewer",program screen,1,712a6fcb45067f395d68fdd6b3fa2e162f04ebdb7ff22de1f3403c6690f6f9c0
kits/common/print/6337.SAV,6337.SAV,program,high-level (runtime library linked),,en,ascii,ran,,"Print utility for the МС 6337 dot-matrix printer (hence the numeric name): 'file?' asks for a text file to load, then a menu - load / print / select type (fonts long, dubble, fat, small, step 2.117) / one-side / high quality. On every rebuilt volume it dies before loading: its file-open path uses old-format EMTs (.FETCH at 011144, .LOOKUP at 011264) and fails differently per directory format ('NOT A VALID DEVICE' on a 1-segment volume, '?MON-F-Invalid directory' on 4-segment) - it apparently expects its native System3/disk4 environment. The cross verdict 'ran' only means the prompt came up",menu strings + disassembly of the failing requests + feed experiments 2026-09-05; shipped as .SAV: the .EXE name is the collector's later renaming on disk4,1,95292998bc4e2732d3b40e473685d163658b6566e005a44933b60652b42da9fe
kits/common/print/OUT17.DOC,OUT17.DOC,text,,,ru,koi8-r,,,"«Утилита OUT17 предназначена для вывода текстовых файлов на струйный принтер МС6317, подключенный к параллельному порту МС0515» - its short manual, ending with Домнич's contact line",read 2026-09-05,1,205f41f630d9f7e0d38f699cbc502006c9641fa49cc8fa20cf6181c28f9f5cae
kits/common/print/OUT17.SAV,OUT17.SAV,program,assembler (no runtime library),text,ru,koi8-r,ran,prompt; answers ?CSI-F-Файлненайден*,Prints text files on an MS6317 ink-jet printer attached to the parallel port of the MS 0515,RTK MIKRO manuals (disk5),1,2c85151dce6b70356487ef01f1b1b6b5633d0933c79a533337377dbf3d440eb7
kits/common/print/OUT2.SAV,OUT2.SAV,program,assembler (no runtime library),,,,ran,,One of the OUT family with OUT17 and OUTC,program screen,4,ab17fa0a5f17c6f96710c621fe36eb9fff1fdc34dc4990a0ba2a9a6268802d96
kits/common/print/OUTC.DOC,OUTC.DOC,text,,,ru,koi8-r,,,"«Утилита OUTC предназначена для вывода текстовых файлов на принтер СМ6337, подключенный к параллельному порту МС0515» - its short manual",read 2026-09-05,1,fdc0846e8e628f5c445ac07fa25968997002b93b9f8b131c4027abd3bf767dd5
kits/common/print/OUTC.SAV,OUTC.SAV,program,assembler (no runtime library),text,ru,koi8-r,ran,prompt; answers ?CSI-F-Файлненайден*,Prints text files on an SM6337 printer attached to the parallel port of the MS 0515,RTK MIKRO manuals (disk5),1,21305756bd968cab5bffa55957231c2281d780e7181e8e11eb96bac191390fad
kits/common/shells/SCE.HLP,SCE.HLP,text,,,ru,koi8-r,,,"The help text of the SCE shell, «сделан Гостевым Дмитрием (Школа профессионального самоопределения, г. Воронеж), Copyright 12.24.1993»: the key list B-bad blocks, C-copy, D-delete, E-edit, G-run, H-help, K-create/undelete, L-dismount, M-logical disks, U-boot, W-bootstrap…",read 2026-09-06,4,dcc37aa51ad90fc6aaf3e5bd4f9b5bdcbe90bb460de88a17efa12f1051fc6826
kits/common/shells/SCE.SAV,SCE.SAV,program,assembler (no runtime library),text,ru,koi8-r,ran,,"Two-panel file manager in the Norton Commander style, Russian labels: directory panel with an info panel, command line Copy/Type/Prot/uNprot/Ren/Del/Quit/Vol/Go/Sque/Z-ini",program screen,7,e0dada00133afce6fdb8ff3f0b68753c829985ae74d4895e192d806bb97ff2cc
kits/common/utils/ASC.SAV,ASC.SAV,program,high-level (runtime library linked),,en,ascii,ran,,"Interactive character-code lookup: press any key and it prints the ASCII code (A -> 65, 7 -> 55; the console upcases letters first). A pocket reference vvv kept on every one of his disks - indispensable in a KOI-7/KOI-8/CP866 world",live run 2026-09-05: keys answered with their codes,5,0579bc9f81f4bb9a7aabe2ba4955b4015c6709b752526a7892bc951f50b61e9a
kits/common/utils/BADS.SAV,BADS.SAV,program,assembler (no runtime library),text,en,ascii,ran,"bare prompt, no answer to a bogus file name","Bad-block scanner (RT-11 BAD-style): at its '*' prompt give a device ('DZ0:'), it reads every block with a running counter and reports 'N bad blocks detected' / 'Block N is bad.'; switches C,S,E,A,O. Three blocks of assembler - the sibling craft of KBAD13",its own strings + live scan 2026-09-05 ('No bad blocks detected.'),3,4c64cf4995a73a85be54cf9aad10e7a168489e6953e891242ef2bc7f67db6871
kits/common/utils/BLACK.SAV,BLACK.SAV,program,high-level (runtime library linked),,en,ascii,ran,,Blanks the screen to black and returns to the monitor,program screen,8,17c2870dc2aef3c5885d51192cac2454b9073d829d4e78086e0e997c33c41960
kits/common/utils/BLUE.SAV,BLUE.SAV,program,assembler (no runtime library),text,,,ran,"blue screen, yellow text, prompt back","Sets the screen blue with yellow letters and returns to the monitor; the counterpart of BLACK.SAV and WHITE.SAV.  On eight of the nine disks that carry it (osa, System, System3, 059, 062, 063, 066, 172) it is this copy; 065 holds a one-byte variant",program screen 2026-09-13,9,f3261ec2e9dde9996f63e283cf013c30f64b9b619fdacd9fa611af16f30e2855
kits/common/utils/CALEND.SAV,CALEND.SAV,program,Pascal (source on the disks),text,ru+en,koi8-r,ran,,"Calendar generator for the years 1583-5000, to a file or to LP:; A. V. Domnich, 16-06-94",program screen; the source it was built from is in programs/domnich/,1,0997a687c0a7bba95c0001edd46b3dbc5bf4a29967f34ba24183784a06763958
kits/common/utils/DATSET.SAV,DATSET.SAV,program,assembler (no runtime library),text,ru,koi8-r,ran,,Date-setting program of the OSA kit,OSA manual,5,3d748a2cdc42f76ecc6bb9619a6ededc140c3fa624115fb6515b2f7c41470776
kits/common/utils/DAY.SAV,DAY.SAV,program,assembler (no runtime library),text,en,ascii,ran,,"Asks for a date, offering 18-MAR-93 as the default",program screen,1,0a58aa5e5ce0ad9a4a77033607737e39818cac80c2972db4c1ba43f14d9ac554
kits/common/utils/HELP.TXT,HELP.TXT,text,,,ru+en,koi8-r,,,"«Описание команд операционной системы ФОДОС-3» - the command reference HELP.SAV prints, as plain text: ASSIGN, BOOT, COPY… with their syntax",read 2026-09-06,1,bd7f86f0db83bb3ba9af546e01059e4294a8d739dfb38291da1b8b4cd5888db8
kits/common/utils/NEG.SAV,NEG.SAV,program,assembler (no runtime library),text,,,ran 6/8,,"Writes 000010 into System Register C (177604): selects the 640x200 hi-res mode with a black border.  The video-mode counterpart of BLACK, BLUE and WHITE",disassembly,4,77e302e20a249e5998b80219a64756a868c00fc509c4274d9fd4db75c130fe20
kits/common/utils/TFP.SAV,TFP.SAV,program,high-level (runtime library linked),text,ru,koi8-r,ran,"bare prompt, no answer to a bogus file name",Text formatter of the OSA kit; the manual recommends keeping it on the system device,OSA manual,3,b85e3e59cbc6d24a5fc5cee75ea6336e72ef92d6f6154146cbdde6f29fa64266
kits/common/utils/WHITE.SAV,WHITE.SAV,program,assembler (no runtime library),text,,,exited 6/8,,Sets the screen to white and returns to the monitor; the counterpart of BLACK.SAV and BLUE.SAV,program screen,5,e28d9cf189aca05f7959c422779e3fc0d9e4086f6b477ff496c3fac383de5187
kits/mihin/development/LINK.SAV,LINK.SAV,program,assembler (no runtime library),text,en,ascii,ran,,"LINK V08.04, a later RT-11 linker, with its banner patched to read «LINK B03.01» on Mihin's disks; the copy on ОМЕГА 064 keeps the V08.04 banner (21 bytes apart)",DEC RT-11; the Mihin's OS-16SJ kits build,2,84967964c932680462d3ef849bc19f8f4a273abb704cca446b3dba0a42e68754
kits/mihin/development/MACRO.SAV,MACRO.SAV,program,assembler (no runtime library),text,ru+en,koi8-r,ran,,MACRO V05.04 as Mihin's OS-16SJ disks carry it - 12 of its 61 blocks differ from the plain one: Mihin's own patching,DEC RT-11; the Mihin's OS-16SJ kits build,2,19eaf74ec37c00d6b998c6e4d25e1b1fcc4074647fe61c9df07949b19b8f50b9
kits/mihin/format/FDZ.SAV,FDZ.SAV,program,assembler (no runtime library),text,,,ran,,"Diskette formatter for the UVK-16; (C) Mihin-soft & SPF Sensor, Voronezh, 1990.  Destructive: it asks Y/N and then formats",program screen,4,8fc049e88d08425e1b10123cafa643a58bc43374694601edca09195272dd08db
kits/mihin/handlers/056/PC.COM,PC.COM,command file,,,,,,,"SIPP patch script for PC.SYS (R SIPP, DK:PC.SYS/C, then the patched offsets)",read 2026-09-06,1,95adaabd0f4b8fca52db5f692e4fabd45c752af832683623bbe2dbcfa726d11d
kits/mihin/handlers/056/PC.SYS,PC.SYS,driver,,,,,,,"DEC's PC handler - the PC11 paper-tape reader and punch: device code 7, CSR 177550, vectors 070 (reader) and 074 (punch), as PC.MAC of DEC's V5.4 sources declares; version 01, so from an older RT-11, with the sysgen word patched to TIM$IT.  Of the collection's monitors only Mihin's loads it","header, .DRBEG vector table and PC.MAC of the DEC V5.4 sources 2026-09-22; cross-run on every system",1,2ea0d76682ca0bd37bc0bec1271f5ca5261763aecefcd35bde7d0605c4bbb527
kits/mihin/handlers/056/RK.COM,RK.COM,command file,,,,,,,"SIPP patch script for RK.SYS (R SIPP, DK:RK.SYS/C, then the patched offsets)",read 2026-09-06,1,1a3887444fb64ed2f77b3329ac7bcdc7de886aca4c456b705d958546f1c77f6d
kits/mihin/handlers/056/RK.SYS,RK.SYS,driver,,,,,,,"DEC's RK handler - the RK05 cartridge disk of 4800 blocks, as RK.MAC of DEC's V5.4 sources declares, moved to CSR 173100 and vector 350 and given the TIM$IT sysgen word by RK.COM; it has a primary driver, so such a disk could be booted from.  Of the collection's monitors only Mihin's loads it",header and RK.MAC of the DEC V5.4 sources 2026-09-22; cross-run on every system,1,6cb6ec99f915dbd236fe2d936b06534292ea7f483c5fe7d5b0a9d6e28e9052c8
kits/mihin/handlers/056/SL.SYS,SL.SYS,driver,,,en,ascii,,,"Сторожевых's single-line editor SL V06.00b of 1987, off the work diskette 056: the older of the two SL of this kit and the one in English - the LET language with its own prompt and help, the keypad functions it binds, and a terminal it recognises («Your console is a VT» / «100 in VT52 mode»); the V8.00 beside it is the 1990 adaptation for the УБПК by НПФ «Сенсор», Russian, with that installation's ten hotkey assignments.  Of the collection's monitors only Mihin's loads it",strings of both builds and the headers 2026-09-22; cross-run on every system,1,85ad85f1cdf2cfc2cad2d76aac496c6b3bf146bec813f03daf5948591ad103bf
kits/mihin/handlers/DZ.SYS,DZ.SYS,driver,,,,,,,Floppy-disk handler,factory manual,4,591620eb0ec43f1fc0c83552d3b2fbbc9db2ae3a5f8233cb5c73454a514ebc2f
kits/mihin/handlers/LD.SYS,LD.SYS,driver,,,en,ascii,,,Logical-disk handler: mounts a container file as a volume,DEC RT-11,1,1b38683648541ed21274e0df64a4dfc425421089f30b5e7dd6f77bfc747f4295
kits/mihin/handlers/SL.SYS,SL.SYS,driver,,,en,ascii,,,"Сторожевых's single-line editor SL V08.00 with the banner «АДАПТАЦИЯ ДЛЯ УБПК НПФ ""СЕНСОР"" <1990>», the build of Mihin's disks (disk1, disk2, amk disk3).  This copy is amk disk3's, whose ten hotkey assignments were already blank",program strings; amk disk3's copy of the disk1/disk2 build,2,58d34aee453cab7baa549c40707a2302e246a87f10c870a71931e3760b331eb5
kits/mihin/handlers/TT.SYS,TT.SYS,driver,,,,,,,Terminal handler,factory manual,4,f69410a15a2b1ff72ea4d9cf48a5f5d8c8ac0af2a743de237cbd2e661d5fde87
kits/mihin/handlers/VM.SYS,VM.SYS,driver,,,,,,,RAM-disk handler (memory used as a drive),factory manual,4,67036c0322c12646ae9c2752de9edc92b4c1ce3f7b1263318a767e84da5b568b
kits/mihin/utils/DATIME.SAV,DATIME.SAV,program,assembler (no runtime library),text,,,ran,,"DATIME «(C) 1987» of the ВЦ АН СССР, from the work diskette 056 - the greeter with escape-sequence highlighting",program screen; the work diskette 056 build,1,55d955b8fcee245635bba18bcfa88630490fbab10269525b5feacfd98462df11
kits/mihin/utils/TERM.SAV,TERM.SAV,program,assembler (no runtime library),text,,,ran,,"The terminal emulator as Mihin's, Rodionov's and ОМЕГА 064 disks carry it: «РЕЖИМ ЭМУЛЯЦИИ ТЕРМИНАЛА», exit with СУ/E",program strings of both builds; TERM.TXT manual on disk 056; the Mihin's OS-16SJ kits build,8,31c254f8780b5a070906d11957dfa9b79a626fd75fc45632ea88bdbb73e5a54e
kits/omega/development/MACRO.SAV,MACRO.SAV,program,assembler (no runtime library),text,en,ascii,ran,,"MACRO V05.01b - an older release of the assembler, from the ОМЕГА disk 064 alone",DEC RT-11; the the ОМЕГА kits build,1,762ca988613892cb6ed48b8d01db29554f80286a60d7428449ab266d56dd8e94
kits/omega/format/FORMH.SAV,FORMH.SAV,program,assembler (no runtime library),text,ru,koi8-r,ran,,Formats the upper surface of a diskette; asks for confirmation first.  Destructive; the lower surface is FORML,program screen; the the ОМЕГА kits build,4,f9e5bb4be0f7499ff2ed1bda980c676034b7954b400c53e1cb926d2affd15f7a
kits/omega/format/FORML.SAV,FORML.SAV,program,assembler (no runtime library),text,ru,koi8-r,ran,,Formats the lower surface of a diskette; asks for confirmation first.  Destructive; the upper surface is FORMH,program screen; the the ОМЕГА kits build,4,2c7d73a2c8f35b06b14b281a19cf1d7e6e2d5a46c625f6ea69e0a6ece03d95b3
kits/omega/handlers/DV.SYS,DV.SYS,driver,,,,,,,"Whole double-sided diskette as one 1600-block volume, cylinder 0 last",handler disassembly,6,09d5bce02ca3e2a5f56e98f81648b4c61fc2e20b0df23c8594a9993aaff399c7
kits/omega/handlers/DZ.SYS,DZ.SYS,driver,,,,,,,Floppy-disk handler,factory manual,10,7606fe575fc429f882c9db8520f1f106f62f2c8f1822d4221f2c2df8d2915eb7
kits/omega/handlers/EX.SYS,EX.SYS,driver,,,,,,,Electronic-disk handler of the memory/interface expansion board (EX0:),board manual,6,0354d18e26895b3f0f702f6aaf947850cb4ae87aafc55331e8ea6439bd3aac1e
kits/omega/handlers/HP.SYS,HP.SYS,driver,,,,,,,Printer-like character-device handler of the Omega kit (HP:),identified 2026-09-05,3,5316435567985fe7cfc7658b3e4d0c69c745fefb5244d63bc165cca71201f5e8
kits/omega/handlers/LD.SYS,LD.SYS,driver,,,en,ascii,,,Logical-disk handler: mounts a container file as a volume,DEC RT-11,2,6b81c8b61846b8b45f89a7541e73bb224e3e17006ed44a37eebafa183f559692
kits/omega/handlers/LP.SYS,LP.SYS,driver,,,,,,,Line-printer handler,DEC RT-11,6,6d8e23cd50b1cf352b1d6b9344aa3adb306299248c7ca5db8d3b80c483de64fa
kits/omega/handlers/MZ.SYS,MZ.SYS,driver,,,,,,,"Whole double-sided diskette as one 1600-block volume, cylinder 0 first",handler disassembly,2,1a2133a72b6ab8b1d2c5847cede08e2c35f829d5ba62c65e74d20b31eb98ab8d
kits/omega/handlers/SL.SYS,SL.SYS,driver,,,ru+en,koi8-r,,,"Сторожевых's single-line editor SL V08.00, the 6656-byte build - the one every ОМЕГА and every collector's diskette carried (062, 063, h0, PAPER, baspasfor, vvv104 disk1..disk3): one build, the copies differing only in the assignments their owners had set and in the word the monitor writes into the file at `SET SL ON`.  This copy is the one of 062/063, whose table was already empty",program strings; the same code on all nine copies once the areas the machine writes are masked out 2026-09-22,2,35fa4e4e2e3d0762ca49f8445c611f8381939a82b593cdb271605f64c50c52eb
kits/omega/handlers/TT.SYS,TT.SYS,driver,,,,,,,Terminal handler,factory manual,20,521c0931aff95c7134d89e80e9e0fa94619caa4de6b360f2893b28c9c9b13125
kits/omega/handlers/VM.SYS,VM.SYS,driver,,,,,,,RAM-disk handler (memory used as a drive),factory manual,17,2e114ef2c2c01a01963fd4d5319e5022012c02bc1dccb45c21e1d4e7df8d0eff
kits/omega/utils/DIR.SAV,DIR.SAV,program,assembler (no runtime library),text,ru,koi8-r,ran,,"DIR V05.03 with Russian messages - the cut of the ОМЕГА disks 059, 064 and 172, 165 bytes apart from the other Russian build",factory manual; the the ОМЕГА kits build,4,b2083ab1c5afae1286e7d42f99968e95ac198ffe59462e64f2068bc689912b04
kits/omega/utils/DUMP.SAV,DUMP.SAV,program,assembler (no runtime library),text,en,ascii,ran,,"DUMP V05.07 - the build of the ОМЕГА kits (059, 062, 064, 172)",DEC RT-11; the the ОМЕГА kits build,5,5ed26b1e1fa78e7e68b71aa612eef24f6ccca5a10b7e18bfec98cc9fa6109f20
kits/omega/utils/DUP.SAV,DUP.SAV,program,assembler (no runtime library),text,ru,koi8-r,ran,prompt; answers ?DUP-F-Недопустимаякоманда*,"DUP V05.28 with Russian messages («Несоответствие версий») - the ОСА, ОМЕГА and Rodionov disks alike",factory manual; the the ОМЕГА kits build,11,f6591f37ae5665765acded146ab2e9c59f5f932893b7a800e9b207113b108d55
kits/omega/utils/HELP.SAV,HELP.SAV,program,assembler (no runtime library),text,en,ascii,ran,,"RT-11 HELP in two builds: the Russian-localized one (50176 B, «?HELP-F-Не найден файл HELP.MLB»), carried by the ОСА System2, Rodionov's 065 and vvv disk4, and DEC's untranslated V05.04 (69632 B, «What topic do you want help with?») from the Омега disk 062 - each in the folder of its kit. Both need HELP.MLB, the help library, which no disk preserved; HELP.TXT is its text",strings of both builds 2026-09-06; the DEC's originals build,1,67d7793f5cfbdd249697eee7f101f9d66fa861045124eca2038e5f4956f5d9c1
kits/omega/utils/PIP.SAV,PIP.SAV,program,assembler (no runtime library),text,ru,koi8-r,ran,prompt; answers ?PIP-F-НетфайлаDK:NOSUCH.XXX*,"PIP V05.14 with Russian messages («?PIP-F-Нет файла») - the build of every ОСА, ОМЕГА and Rodionov disk",factory manual; the the ОМЕГА kits build,15,eebe08107f1c65482ef84a4683e01e3143884d92cea41099f05068e8118966e3
kits/omega/utils/TERM.SAV,TERM.SAV,program,assembler (no runtime library),text,,,ran,,"The terminal emulator as the work diskettes 056 and 172 of the КВИ «Электроника МС0111» complex carried it: asks the line speed (9600=1, 4800=0) and whether scrolling is smooth before entering terminal mode; this cut prints its prompts in KOI-7",program strings of both builds; TERM.TXT manual on disk 056; the work diskette 056 build,2,149b7196355108c335ce675ea86a1a3df9a9177eaeabd0c7b0270965844313df
kits/omega/utils/TERM.TXT,TERM.TXT,text,,,ru,koi8-r,,,"The operator's page of TERM: how to call it, what «РЕЖИМ ЭМУЛЯЦИИ ТЕРМИНАЛА» means and that СУ/Е returns to ОСА - one block, on the 064, 066 and 172 disks.  Not the nine-block manual of the same name on the work diskette 056, which describes the whole КВИ «Электроника МС0111» complex and is kept in programs/ms0111/",content read 2026-09-05,3,66691848ec61cad47be8b88e6c34ff2606060ba55363a83ba0202f40ef11f3b2
kits/osa/handlers/DZ.SYS,DZ.SYS,driver,,,,,,,Floppy-disk handler,factory manual,8,9b79707be0f027166c41ce2d5d757abec7c3d88b06ea5373caeb626c24c7895e
kits/osa/handlers/EM.SYS,EM.SYS,driver,,,,,,,"The instruction-set emulator handler: SET EM ON makes the missing EIS/FIS instructions work by trapping vector 10.  The canonical use, from Alex_K's forum post (zx-pk 15146 p.31): SET EM ON, GET CMOV, D 1002=44760, ST",forum usage + our experiment,1,3f0e1d671b5ad88a38050329fc6c8a159b7a5abf71b9d1c1d7353aac4176cc2a
kits/osa/handlers/SL.SYS,SL.SYS,driver,,,en,ascii,,,"Сторожевых's single-line editor SL V08.00 as the ОСА disks carried it (bg0515, superBAK7) - command recall and editing at the monitor prompt, `SET SL ON` to activate.  The copy here has the assignment table of its first owner blanked, so that a composed disk does not announce a stranger's macros","program strings; the ОСА disks' build, its table blanked here",2,7283ef9f3fa5de9ed57ba34c21bb6358f3602156b563c5b804bf660716f04e5a
kits/osa/handlers/TT.SYS,TT.SYS,driver,,,,,,,Terminal handler,factory manual,20,521c0931aff95c7134d89e80e9e0fa94619caa4de6b360f2893b28c9c9b13125
kits/osa/handlers/VM.SYS,VM.SYS,driver,,,,,,,RAM-disk handler (memory used as a drive),factory manual,17,2e114ef2c2c01a01963fd4d5319e5022012c02bc1dccb45c21e1d4e7df8d0eff
kits/osa/handlers/VS.SYS,VS.SYS,driver,,,,,,,Sound-device handler — not video despite the name,factory manual,9,fb282b1054f6aef72f4f653e824f2dfcfdd9a86f674b058ebdcc153f901d6234
kits/osa/shells/RS.SYS,RS.SYS,driver,,,ru,koi8-r,,,"EmeSoft's 'RT11 profShell' v06.05 (1990, build 13-Sep-94): a Norton-Commander-style disk shell packed into a 26-block pseudo-device handler. File panel with marks, and the whole toolbox on hotkeys - COPY/DELETE/RENAME/SQUEEZE/PROTECT/TYPE/DUMP (words/bytes/radix)/CREATE/INIT/MOUNT/BOOT/COPY-BOOT - plus LD containers, bad-block scan, search, saved state, and the greeting 'Жми на клавишу, не бойся ...'. Start with R RS.SYS or SET RS ON; uses EIS, so needs GETEML/EM on this machine. The System2/bg0515/superBAK7 and Buhgal monitors print its banner at boot - profShell is built into those builds",strings + live run 2026-09-05 (panel and help screen captured; traps to vector 10 without the instruction emulator),1,484be60cb8a92c95c29bd2d9c7bfd3eb35a3005433e3e4947ffe4bafee961266
kits/osa/utils/DIR.SAV,DIR.SAV,program,assembler (no runtime library),text,ru,koi8-r,ran,,"DIR V05.03 with Russian messages («Неправильная версия монитора») - the cut of the ОСА disks, ОМЕГА 062/063 and Rodionov's",factory manual; the the ОСА kits build,7,374dfc435c4600698ab440cf86176effbfde1b77bc8276d1e22784cee9134634
kits/osa/utils/RESORC.SAV,RESORC.SAV,program,assembler (no runtime library),text,ru,koi8-r,ran,"bare prompt, no answer to a bogus file name",RESORC V05.69 with Russian messages («Версия(и) =») - the plain ОСА disks and Rodionov's 065,DEC RT-11; the the ОСА kits build,5,39fd8396335b1687e84305e285c3becec1f9084e90a7a6a168526953aa4266ec
kits/rodionov/handlers/DZ.SYS,DZ.SYS,driver,,,,,,,Floppy-disk handler,factory manual,2,3ce58aecd03edaaa880b56bd9b78efd6b90a0be5408c139a1b6a1e4f065dacd2
kits/rodionov/handlers/NL.SYS,NL.SYS,driver,,,,,,,Null-device handler,DEC RT-11,2,aa16988e29b764df93d3230f208ab1ec1e3088db8f020848e1223e7f333010ff
kits/rodionov/handlers/TT.SYS,TT.SYS,driver,,,,,,,Terminal handler,factory manual,2,cb5ceb6df72c0b46fef28d48ce4ea686bde7cbc1269c99c52f1dfd1c66737516
kits/rodionov/handlers/VM.SYS,VM.SYS,driver,,,,,,,RAM-disk handler (memory used as a drive),factory manual,17,2e114ef2c2c01a01963fd4d5319e5022012c02bc1dccb45c21e1d4e7df8d0eff
kits/rodionov/handlers/VS.SYS,VS.SYS,driver,,,,,,,Sound-device handler — not video despite the name,factory manual,9,fb282b1054f6aef72f4f653e824f2dfcfdd9a86f674b058ebdcc153f901d6234
kits/rodionov/shells/INSTR.DOC,INSTR.DOC,text,,,ru,koi8-r,,,"«Инструкция по работе с компьютером МС 0515» - Rodionov's one-page operating instruction for his ROSA disk: insert the ROSA diskette, power on, turn the drive latch when the music plays, enter the date at «Дата [дд-мм-гг]?», print files from the commander",read 2026-09-06,1,8f1519cec69e9b837afa145dd3a3d5dfd9c5f6d6a3a93b37be3d48dfbdb96d94
kits/rodionov/shells/REKROS.DOC,REKROS.DOC,text,,,ru,koi8-r,,,"A framed advertisement sheet for Rodionov's system: «Сервисная программа … сделано на МС0515, используя RT15SJ.SYS, R15.SAV, ROSA.SAV» - copying, renaming, protection of files…",read 2026-09-06,1,106e148fbc558715eb7e8da2286ae80e83d215ff8880070899ee7cf682ba8564
kits/rodionov/shells/REKSYS.DOC,REKSYS.DOC,text,,,ru,koi8-r,,,"«Сравнительные характеристики существующего и предлагаемого программного обеспечения» - Rodionov's comparison table of his programs against the standard ones, drawn in pseudo-graphics",read 2026-09-06,1,7d976906483d98a30574c2b7f9b8769f7b49e1a082a398f10622b8f431402a82
kits/rodionov/shells/ROSA3.SAV,ROSA3.SAV,program,assembler (no runtime library),text,ru,koi8-r,error 7/8,?MON-F-Нетустройства002146ROSACommanderv1.31993РодионовСерге,"ROSA Commander v1.3 (c) 1993 Rodionov Sergey Alekseevich, Voronezh - his two-panel file manager, launched by his boot: asks the date numerically, then panels DZ0: (left) and DZ2: (right) with a file-info box, 'protected from deletion' flags, PM help key. Needs LOAD VM: and is DZ-bound: it hardcodes DZ0:/DZ2:, so on a DV-booted Omega it dies ('?MON-F-No device', or ODT after LOAD DZ); runs fine on the DZ-pair exemplar. Refuses a copy that fails its author check",live on rodionov.dsk (panel screenshot) and omega.dsk 2026-09-05,2,b89e41c1dd2b7f3d3ac08a80de8f177fbf203de599a92a6116171d14c1739ae9
kits/rodionov/utils/DUMP.SAV,DUMP.SAV,program,assembler (no runtime library),text,en,ascii,ran,,DUMP V05.07 as Rodionov's 065/066 carry it - one block (292 bytes) differs from the ОМЕГА build: his own touch,DEC RT-11; the Rodionov's RT15SJ disks build,3,0ddaad7278e06901c2bdf4c79c1f3873db075997a94301e3d451da143db9734a
kits/rodionov/utils/HELP.SAV,HELP.SAV,program,assembler (no runtime library),text,ru+en,koi8-r,ran,,"RT-11 HELP in two builds: the Russian-localized one (50176 B, «?HELP-F-Не найден файл HELP.MLB»), carried by the ОСА System2, Rodionov's 065 and vvv disk4, and DEC's untranslated V05.04 (69632 B, «What topic do you want help with?») from the Омега disk 062 - each in the folder of its kit. Both need HELP.MLB, the help library, which no disk preserved; HELP.TXT is its text",strings of both builds 2026-09-06; the Rodionov's RT15SJ disks build,3,04d6039dcaaf4f8430d43e2ff04e25ffd4244794c62f3b1b89effe8466c32b3f
kits/vvv/development/LINK.SAV,LINK.SAV,program,assembler (no runtime library),text,en,ascii,ran,,LINK V05.14 (its cross-reference title reads V05.15) - the linker of the collector's ФОДОС kit,DEC RT-11; the the collector's disks build,3,7c3ac9ded6e231b3d9c997978da19a55179244539f24ffb77da205198bb8047b
kits/vvv/development/MACRO.SAV,MACRO.SAV,program,assembler (no runtime library),text,en,ascii,ran,,"MACRO V05.04 - the assembler of the collector's ФОДОС kit (disk3, PAPER; disk4 as well)",DEC RT-11; the the collector's disks build,3,69c9775f6882d514efe03ee116ff5e280c5e31214c9bd1d5dae38b5ff27d5da2
kits/vvv/format/FORMH.SAV,FORMH.SAV,program,assembler (no runtime library),text,ru,koi8-r,ran,,"The upper-surface formatter in a later edition than the ОМЕГА disks' one: the same program reassembled with its messages touched up («Поверхность отформатирована» for «заформатирована», a plain [Y/N] prompt).  Destructive - it formats the diskette in the drive",identified 2026-09-05; the the collector's disks build,1,26ee03f842f5525dfde14743903798da063d896120b21df28e13c01632fa19d6
kits/vvv/format/FORML.SAV,FORML.SAV,program,assembler (no runtime library),text,ru,koi8-r,ran,,The lower-surface formatter in a later edition than the ОМЕГА disks' one: the same program reassembled with its messages touched up («Поверхность отформатирована» for «заформатирована»).  Destructive - it formats the diskette in the drive,identified 2026-09-05; the the collector's disks build,1,63b5b54ea831fe565b16ebee49ff988eb975df0bd18351b88e5f5bb02afdd421
kits/vvv/utils/BINCOM.SAV,BINCOM.SAV,program,assembler (no runtime library),text,ru,koi8-r,ran,"bare prompt, no answer to a bogus file name","DEC RT-11 BINCOM V05.08, Russian-localized binary compare (files or devices, PATCH output for SIPP)",its own Russian switch help and version banner; shipped as .SAV: the .EXE name is the collector's later renaming on disk4,1,b76b1abdfd9271107c726839252793d8a7ea1c1eaae6dbabcecce6323c942fd8
kits/vvv/utils/DATIME.SAV,DATIME.SAV,program,assembler (no runtime library),text,ru,koi8-r,ran,,The DATIME of the collector's and Mihin's disks: asks the date and time at boot and sets them (English month names JAN…DEC),program screen; the the collector's disks build,6,6d728ed104777834f12efb9a031c98b810f1e0f2f3191d2ac79238fbc8358d2e
kits/vvv/utils/DIR.SAV,DIR.SAV,program,assembler (no runtime library),text,en,ascii,ran,,DIR V05.03 with English messages («Wrong version of RT-11») - the build of the collector's ФОДОС disks and of Mihin's kits,factory manual; the the collector's disks build,12,ca5ad185ad6d0a22fa83fd0208a6092b6bb020bf352e7f2a0531936c27f98791
kits/vvv/utils/DUP.SAV,DUP.SAV,program,assembler (no runtime library),text,en,ascii,ran,prompt; answers ?DUP-F-Invalidcommand*,DUP V05.28 with English messages («No V5 boot on volume») - the collector's and Mihin's disks,factory manual; the the collector's disks build,12,a80f04f8da6560a0452a9cf153acc829d0cbe58ee45db7f25d6d167578dcf98b
kits/vvv/utils/PIP.SAV,PIP.SAV,program,assembler (no runtime library),text,en,ascii,ran,prompt; answers ?PIP-F-FilenotfoundDK:NOSUCH.XXX*,PIP V05.14 with English messages («?PIP-F-File not found») - the collector's disks (two bytes off Mihin's copy),factory manual; the the collector's disks build,4,0012a08d84d060b58ce0c9d9a01fa09e698b74b953dd98470ad16f2d63cdadf4
kits/vvv/utils/RESORC.SAV,RESORC.SAV,program,assembler (no runtime library),text,en,ascii,ran,"bare prompt, no answer to a bogus file name","DEC's own RESORC V05.69 in English («Booted from», «KMON nesting depth», «Emulated RT-11 environment») - the untranslated original, found on the collector's disk4",identified 2026-09-05; the DEC's originals build,1,887b418ca5de83bc563255072dfa71d652878eb3294038d9ffc77424334a237f
programs/autoteacher/1003.DOC,1003.DOC,text,,,,,,,"The question bank of an AutoTeacher physics test in readable form: twenty questions on the ideal gas (state equation, pressure, temperature…), each with its answer - the text the .QUS of the same name was built from",content read 2026-09-06,1,76c6c5f305a2fbe6ed1d3c8b775a96240648923b372718fffd1dfd43dc094141
programs/autoteacher/1003.QUS,1003.QUS,data,,,,,,,"AutoTeacher question file: 20 questions on the ideal gas («уравнение состояния идеального газа характеризует…»), each with its answer cut into words for the word-grid answering; the readable form is 1003.DOC",content read 2026-09-06,1,d71a1304f5401f203c5296021fc3d900ad5ce64ac20642e2b901987723838d7a
programs/autoteacher/1018.QUS,1018.QUS,data,,,,,,,"AutoTeacher question file: physics test on the magnetic field ('МАГНИТНЫМ ПОЛЕМ НАЗЫВАЕТСЯ...') with word-grids the pupil assembles definitions from; authored with CR.SAV, played by AT.SAV",content read 2026-09-05,1,e4773a660ef679e3d929832fa2057ac34b0a367986101eb435ac8ae6140582f9
programs/autoteacher/10L01.DOC,10L01.DOC,text,,,,,,,"The question bank of an AutoTeacher test in readable form: twelve questions on thermodynamics («термодинамика - это…»), with answers",content read 2026-09-06,1,f99b380805d3cf4f4c9220e798d9abb56696bdb35b47ee062e2f3ba745821895
programs/autoteacher/10L01.QUS,10L01.QUS,data,,,,,,,AutoTeacher question file: 12 questions on thermodynamics with their answers cut into words; the readable form is 10L01.DOC,content read 2026-09-06,1,21120d833c01ffaa998ce8fa2517c6f5dd88df1e7a03996b6a1dc99f824c38e2
programs/autoteacher/10L04.DOC,10L04.DOC,text,,,,,,,"The question bank of an AutoTeacher test in readable form: fourteen questions on resistivity and conductors («удельным сопротивлением проводника называется…»), with answers",content read 2026-09-06,1,9ffaf3ff27e89132d1d7bd0eaaaafc174cefb06b9873f534fb5b2c727941a2e7
programs/autoteacher/10L04.QUS,10L04.QUS,data,,,,,,,AutoTeacher question file: 14 questions on resistivity and conductors with their answers cut into words; the readable form is 10L04.DOC,content read 2026-09-06,1,7c9d28fb39645d0d4b2969385ad8960b5abd36fbed38e94849c0c544f96dfc2d
programs/autoteacher/AT.SAV,AT.SAV,program,high-level (runtime library linked),text,en,ascii,ran,,"AutoTeacher V3.10 (SB Soft Ware Ltd., 1992) - the school testing system's player: runs .QUS question files (word-grid answers), keeps pupil records in STUD.PUP; questions are authored with CR.SAV",its banner + the amk_1 disk kit,4,d9081e80492a909f951843a116bc24c1f84a34a6f4834a56cd39221a8970f483
programs/autoteacher/STUD.PUP,STUD.PUP,data,,,,,,,AutoTeacher results file: 'файл данных о проверке знаний учащихся' - the pupils' test records for AT.SAV,AT.SAV's own banner text,1,ce5714a4f2e892942d8f6eb21dfa658293802b2c95ce906b5a9c66c07895728e
programs/autoteacher/lyceum-1/CR.SAV,CR.SAV,program,high-level (runtime library linked),text,en,ascii,ran,,The constructor as the lyceum's amk_1 carries it - a rebuilt copy with a KOI-7 «ВЫ УВЕРЕНЫ? (Д/Н)» prompt; all 41 blocks differ,"its KOI-7 strings (ВВЕДИТЕ ВОПРОС/РАМКИ/ПРАВИЛЬНЫЙ ОТВЕТ) + 1018.QUS structure; the Лицей №1, disk amk_1 build",1,2fd2b99af8f79894785e2897fc67931592d101bd4b6dc87400c81d01bc1e1293
programs/autoteacher/mihin/CR.SAV,CR.SAV,program,high-level (runtime library linked),text,en,ascii,ran,,The question-bank constructor as Mihin's disks carry it,its KOI-7 strings (ВВЕДИТЕ ВОПРОС/РАМКИ/ПРАВИЛЬНЫЙ ОТВЕТ) + 1018.QUS structure; the Mihin's OS-16SJ kits build,3,76ace27a87069a80066f6fc5e2abf8ede93db1e347cc3755dad14c66547747a1
programs/basic/COD.BAS,COD.BAS,source,,,,,,,Six lines: waits for a key and prints the code of every character of what INKEY$ returned,read 2026-09-06,1,6d2c81e4d523450909ae7121278e761e6f4d67a3866ce873a3869094095fb0db
programs/basic/DIAG.BAS,DIAG.BAS,source,,,,,,,"Draws a pie chart of «WIDGET Cost Factors» - Materials, Advertising, Manufacturing - with CIRCLE arcs; a textbook example (the labels are English)",read 2026-09-06,4,bfb0f2ce766be0fa1781a9088d72079acdb628e4ce91e53222bd3c0bdbbb2b36
programs/basic/DOMIK.BAS,DOMIK.BAS,source,,,,,,,Asks six numbers and draws a house from lines and PAINT fills - a drawing exercise,read 2026-09-06,2,a7ea8500249f6cd46a023ecdecb2b40396a8ab5cd6fef4181f127f24cbc2fa62
programs/basic/GRAF.BAS,GRAF.BAS,source,,,,,,,"Moves a dot over the graphics screen with the keys 2/4/6/8, PSETting as it goes - the smallest sketchpad",read 2026-09-06,2,de10b7c32a7f042a9539b254623406b5124ff07cc35ed08386ba9c94545acd05
programs/basic/GRAFIK.BAS,GRAFIK.BAS,source,,,ru,koi8-r,,,"«Построение графиков по заданным точкам»: enters an array of points and plots it four ways - points, linear interpolation, cubic with parabolic ends, splines (a REM says GROS)",read 2026-09-06,2,0a8ea41e5ef0ccb8081d9e5d1aebc4e01d653d90849d65a79e77a7900bda3913
programs/basic/GRAPH.BAS,GRAPH.BAS,source,,,ru,koi8-r,,,"«Программа построения трехмерного графика»: draws a 3-D bar chart of yearly figures (1991, 1992, 1993) in perspective",read 2026-09-06,6,c4c815affe4b5e22dcac3ee055ba379d52ca74ffefeb0cda0fae7df58bb0e509
programs/basic/GRFUN.BAS,GRFUN.BAS,source,,,ru,koi8-r,,,"«Программа позволяет рисовать графики по формулам»: a menu of two curves, Y=X^2 and X=Y^2, plotted with PSET",read 2026-09-06,2,91183f3924c326a177be9ab132843357c5e8279ef878d6a7cfe5422981fe011e
programs/basic/GWFP.BAS,GWFP.BAS,source,,,,,,,"«Тараканьи бега» - a cockroach race in KOI-7 text: place your bets, the runners (Янычар, Геркулес…) race on random numbers, the winner is announced",read 2026-09-06,2,21e03fa3542389daec7184f2f4a0b551901c695858a8ccd5ddc22e504dff1b7d
programs/basic/KLD.BAS,KLD.BAS,source,,,,,,,«Колодец» - a REM says it was taken from IBM PC BASIC: draws a well (a nest of rectangles) with LINE,read 2026-09-06,2,239b03e7e55751370bdff3ade56bcaf0f748972fd9b5f0d120708a72a242287b
programs/basic/KODIR.BAS,KODIR.BAS,source,,,en,ascii,,,"«Программа обработки файлов»: mode 1 writes every character of a file as its numeric code to a second file, mode 2 reads such a file back into characters - a crude encoder",read 2026-09-06,2,dc0b08a25441797d43b9146082ebb4db444c84574b2522ca54d173c1b181e252
programs/basic/KOLO.BAS,KOLO.BAS,source,,,,,,,The same «Колодец» well drawing as KLD.BAS in another copy,read 2026-09-06,2,3b840bef538c0fc1c108a326b4ac16b0a79d6bdbc12a0419e2d8b93f81f245e9
programs/basic/KOMETS.BAS,KOMETS.BAS,source,,,,,,,"«Кометы»: five streaks fly left and ten fly right across the 640x200 hi-res screen forever, erased with REVERS behind them - a demo, no controls",read from the source 2026-09-05,2,ab106482ddb9ea6036b4d7e75612b7934d679da95cbd58142e89190d2c6dbe02
programs/basic/KWG.BAS,KWG.BAS,source,,,en,ascii,,,"Plots a parabola Y=X^2 in a character grid 80x25 drawn with text symbols (axes at column 40 / row 13), scaled by an entered factor",read 2026-09-06,3,2e81f7357a311ec880212a9ede84a95b355830a5d48eb939250ef224834fa2db
programs/basic/LAM.BAS,LAM.BAS,source,,,ru,koi8-r,,,"«Пример цепочки программ, построения изображения и вывода звука» - a BASIC demo: draws a figure with LINE chains, then sound; a chained-programs example",read 2026-09-06,2,db7427607266b6efb9ee94c51d22d6fc11f5e69e56e84a92887e293bb1c89c87
programs/basic/LAMBAD.BAS,LAMBAD.BAS,source,,,,,,,«Ламбада» played through SOUND: 129 note-duration pairs in DATA statements,read 2026-09-06,6,3d0dc29449d0a3e3a4e1e5406dd193233169803aca1b778a6228010b816b3c16
programs/basic/LINES.BAS,LINES.BAS,source,,,,,,,Asks a number L and draws L fans of lines across the screen - a LINE exercise,read 2026-09-06,3,42745204c9131bb29a83ab6a3a71797474f458da20f530bf88458915bafe30de
programs/basic/LTR.BAS,LTR.BAS,source,,,ru,koi8-r,,,"«Пример управления печатающим устройством»: sends ESC sequences to the printer (LPRINT) - condensed print, character set select, a defined character - a printer-control example",read 2026-09-06,4,490b63f74db145b66897a3c880ed955165aeba2548c32272157ea459d04e84f4
programs/basic/MASDIA.BAS,MASDIA.BAS,source,,,en,ascii,,,"Reads an M x N matrix from the keyboard, sums the elements along its main diagonal (scaled when M and N differ), replaces the ones with the sum and prints the matrix",read 2026-09-06,2,b81e0c6c66fa60eae6b80eb61e2174dd5a1ce23f9de4ce9993f6cb35b985d61e
programs/basic/MATEMA.BAS,MATEMA.BAS,source,,,,,,,"Four little sums printed in a row («В первой=», «Во второй=»…): squares 1..20 and the like - a first exercise in loops",read 2026-09-06,1,39ff782cdd949f0d8f97f3ba3ca61c3b5acab332aeb6b41eae400f7d4b18552b
programs/basic/MATR4.BAS,MATR4.BAS,source,,,,,,,"Fills a 6x6 table with random numbers, prints it, bubble-sorts the 36 values and prints them again as a table",read 2026-09-06,3,b68cf740273c49430da37da6f54079a9b2f8265fa664764eefb72bebf92a4260
programs/basic/MAYATN.BAS,MAYATN.BAS,source,,,,,,,"A pendulum: a line swinging from a pivot at the top of the screen, a SOUND of rising pitch at every step - twelve lines",read 2026-09-06,2,a882815d0c9cabd742f274a9983d2d522b075c3bfcc1f5c985a4ea1fe0b462e6
programs/basic/NUMBER.BAS,NUMBER.BAS,source,,,,,,,"«Угадай число от 1 до 1000 за минимум попыток» - the guessing game: перелёт / недолёт, counts the tries, «ОГО!!!» for a lucky one",read 2026-09-06,1,1e7f086ac152e909c4fe01a60940dbad5deb566eb5d18336358c6c80c175ab01
programs/basic/OBJEM.BAS,OBJEM.BAS,source,,,ru+en,koi8-r,,,"«Программа рисует объёмную фигуру по указанным координатам»: 3-D bars of given height, length and width, a bar chart with a title - a business-graphics exercise",read 2026-09-06,1,ac46ffa5c802df7eed344dbdeae59e4a528ae12cb8030a86bc518ac655ad0e06
programs/basic/PIF.BAS,PIF.BAS,source,,,,,,,Prints the multiplication table 1..9 as a ruled grid - «Пифагорова таблица»,read 2026-09-06,2,8760843ce94ab66e604c48aef8542a2cecf1073e77182f235b0ef71788a24640
programs/basic/PRAW.BAC,PRAW.BAC,data,,,ru,koi8-r,,,"A road-signs test in БЕЙСИК-ОМЕГА, stored in the interpreter's COMPILEd internal form (.BAC, header «издание 1-01а»): shows its title screen PRAW.SCR, offers the instructions («проверить уровень знаний по правилам дорожного движения путем решения перфокарт»), then draws road signs - triangles, circles, rectangles - one after another with four answers each (въезд запрещен, уступи дорогу, крутой спуск, велосипедная дорожка, обгон запрещен...), fourteen questions, and prints the grade («Вы прошли тест и получили следующую оценку»).  Proved live: R BASICO, RUN PRAW.BAC starts it",strings of the file + a live run under BASICO 2026-09-06,2,169e0a8ae2272eb3cf249ed63bb76b249bd563d2c07114194e133933cae1acb2
programs/basic/PRAW.SCR,PRAW.SCR,data,,,,,,,"Screen dump (16384 bytes = the whole video RAM, 320x200 colour): the title screen «Правила Дорожного Движения (дорожные знаки)» in red/yellow/green/blue letters on a brick-and-signs background - loaded by the road-signs test PRAW.BAC beside it",rendered on the host 2026-09-06; PRAW.BAC strings and a live run,2,8ac5c277d31d79319be630488a3795829bdf9530f5d85f595263782f6523659a
programs/basic/PRFIL.BAS,PRFIL.BAS,source,,,en,ascii,,,"Asks a file name and prints the file line by line to the screen, with ON ERROR handling for a missing file",read 2026-09-06,1,05583b95707cda0e32a7ed153aa642bed535a15433aa2183c992055c5cf37ef6
programs/basic/PRIM.BAS,PRIM.BAS,source,,,en,ascii,,,Counts the words in an entered sentence («В предложении … слов») and defines FNY(J)=J^2 - two small exercises in one file,read 2026-09-06,1,b029fdfad4b1d5b48c1f511e6ec028461394ba55e31878e0a0b0c44e97d856c7
programs/basic/PROST.BAS,PROST.BAS,source,,,ru,koi8-r,,,"«Таблица простых чисел от 1 до» a given bound (<1000), by trial division, with input checking",read 2026-09-06,2,2fcae2dd8d76b5767ec607b0d620a5362d02897e2834f6d7d4993296ed38e722
programs/basic/PROST2.BAS,PROST2.BAS,source,,,,,,,Prints the primes up to 100 by counting divisors - seven lines,read 2026-09-06,2,3135a83632f7413adc066efd27807bb1e206f67532960fefa90748b81e3a8a67
programs/basic/RENDOC.BAS,RENDOC.BAS,source,,,,,,,"A recoder that sat on the collector's disk3 as REN.BAS - not his, and renamed here so that his own REN.BAS (in programs/vvv/) keeps the name: reads DZ2:EXPRES.DOC and writes DZ2:EXPR2.DOC, passing digits, punctuation and CR through and moving every other code up by 128 - KOI-7 Cyrillic to KOI-8",,2,9003a7658ba86a2bcd465bddb5e3c206f3e92b84e0d94abe8dfc6f6c3efe247c
programs/basic/SIN.BAS,SIN.BAS,source,,,,,,,Draws a framed 100x100 box and a sine curve inside it with PSET,read 2026-09-06,1,0585047dafe0ba5f4ea1bbafada079238d3202c72b784e951accbb549a87dc27
programs/basic/SMES.BAS,SMES.BAS,source,,,ru,koi8-r,,,«Смесь» (a REM says from IBM PC BASIC): asks a division factor and draws random circles and lines - a graphics mix,read 2026-09-06,1,75156d579405b863d00af8c45409bb5ebe905263ef67824d004c884091b4e3b5
programs/basic/STARS.BAS,STARS.BAS,source,,,,,,,"Starfield: ten stars drift left and ten right across the 320x200 screen forever (PSET, erased with REVERS) - a demo, no controls",read from the source 2026-09-05,2,1d4c7f96af2314e491d986dea9d58d684af330dc0ad8efea548a9f5cea0a6974
programs/basic/STREET.BAS,STREET.BAS,source,,,,,,,Draws a street in perspective - rows of houses as rectangles receding with a step - LINE exercise,read 2026-09-06,2,d77bca2c76a7e5cda82a4caa965bc1ee52700959b2f3027df04ec35e859e7e37
programs/basic/SUNSY1.BAS,SUNSY1.BAS,source,,,,,,,"«Солнечная система» with the keyboard: nine planets on their orbits (radii in DATA), the planets filled with PAINT, the animation driven while the keyboard flag at 177440 is polled",read 2026-09-06,2,43c6dcbf06bd5383c8036ca59f25ffd4456dbcf05d62acb1ccf45ae82d74a022
programs/basic/SUNSYS.BAS,SUNSYS.BAS,source,,,,,,,"«Солнечная система»: nine planets circling on orbits whose radii are in a DATA line, drawn with CIRCLE and PSET in the wide graphics mode",read 2026-09-06,2,f4026ba68620b964bc49ed6bc3043f254faf462ff52f4bbd4dc9d08f2bf69a51
programs/basic/UMN.BAS,UMN.BAS,source,,,,,,,"BASIC demo: prints the multiplication table three ways - a 9x9 grid, per-row listings 1..3 x 1..9, and columns 2..5 x 1..9",read from the source 2026-09-06,1,27aacdbd1c88a0721b9c8cf1cc20d7e52a5323c1457db7c9d5c6acca565c1d3c
programs/basic/VID2.BAS,VID2.BAS,source,,,,,,,Plots a curve from a parametric sweep (T from 40.96 to 61.36) and pokes the video registers 177740/177746 - a video-mode experiment,read 2026-09-06,2,88d36036b30871923d8ab304fd0f710be0b1a5f658729a17680b04954ff2823c
programs/basic/VIDEO.BAS,VIDEO.BAS,source,,,,,,,"Plots a curve from a parametric sweep (T from 40 to 60), ten lines",read 2026-09-06,2,8841176d8fa29e7ed1aa06dc4ad935ac59c15b7fc10225e0f62e24e8b412a08b
programs/basic/VIDEO2.BAS,VIDEO2.BAS,source,,,,,,,The same parametric curve as VIDEO.BAS with a finer step,read 2026-09-06,2,5d774f31ab242c80b8aa5a08f75a992c021a56f063e51a984579ddbe55b5ca1b
programs/basic/WATCH.BAS,WATCH.BAS,source,,,,,,,"An analog clock face: sixty ticks around an ellipse, hands drawn from TIME - redrawn every second",read 2026-09-06,2,79f1c40f2db21b25e6e9087989b8c2b5942d284324f93f443b6f64f3184e6498
programs/basic/ZAPK.BAS,ZAPK.BAS,source,,,en,ascii,,,"«Записная книжка»: a phone book kept in NAMES.DAT / TELEPH.ONE - record, read by the first letter of the surname, exit",read 2026-09-06,1,9621ea012d59db7993e89b81296b8cd73b116589680f3de8992b7c58aecae99d
programs/covox/100.PR,100.PR,data,,,,,,,"100.PR - an 8-bit recording in the format of VLAD & ALEX's players LD1/LOAD: 8192 words, one sample in the low byte of each (the high byte zero), about two seconds at 4 kHz (at 8 kHz it plays twice too fast) - from disk 066 beside 9.PRG; decodes to sound on the host",byte layout compared with 9.PRG/TLF.PRG 2026-09-06; decoded to WAV,1,754df60bc9f78a3c394c685ec17b133bdbcd1f82e877769c95901612891b4977
programs/covox/101.PR,101.PR,data,,,,,,,"101.PR - an 8-bit recording in the format of VLAD & ALEX's players LD1/LOAD: 8192 words, one sample in the low byte of each (the high byte zero), about two seconds at 4 kHz (at 8 kHz it plays twice too fast) - from disk 066 beside 9.PRG; decodes to sound on the host",byte layout compared with 9.PRG/TLF.PRG 2026-09-06; decoded to WAV,1,a302685ba76d255a148c5bfeb8c3eeccf1ce40b5b096234c6901cefae51cc9e3
programs/covox/102.PR,102.PR,data,,,,,,,"102.PR - an 8-bit recording in the format of VLAD & ALEX's players LD1/LOAD: 8192 words, one sample in the low byte of each (the high byte zero), about two seconds at 4 kHz (at 8 kHz it plays twice too fast) - from disk 066 beside 9.PRG; decodes to sound on the host",byte layout compared with 9.PRG/TLF.PRG 2026-09-06; decoded to WAV,1,f0e70783178d309b48dc0ce81e1f6d5e9bad9abdbc93aa2c6d312ae8fda5c4f7
programs/covox/103.PR,103.PR,data,,,,,,,"103.PR - an 8-bit recording in the format of VLAD & ALEX's players LD1/LOAD: 8192 words, one sample in the low byte of each (the high byte zero), about two seconds at 4 kHz (at 8 kHz it plays twice too fast) - from disk 066 beside 9.PRG; decodes to sound on the host",byte layout compared with 9.PRG/TLF.PRG 2026-09-06; decoded to WAV,1,6da64e3751692694eb88b27d55c372eb81c0e24216cc32ed2f4bf058fa2bfcd3
programs/covox/105.PR,105.PR,data,,,,,,,"105.PR - an 8-bit recording in the format of VLAD & ALEX's players LD1/LOAD: 8192 words, one sample in the low byte of each (the high byte zero), about two seconds at 4 kHz (at 8 kHz it plays twice too fast) - from disk 066 beside 9.PRG; decodes to sound on the host",byte layout compared with 9.PRG/TLF.PRG 2026-09-06; decoded to WAV,1,f51d3c7ce517e435ab827ce7abbbad5bc9bd9436fefa0dc51159bbd10f86bfe2
programs/covox/106.PR,106.PR,data,,,,,,,"106.PR - an 8-bit recording in the format of VLAD & ALEX's players LD1/LOAD: 8192 words, one sample in the low byte of each (the high byte zero), about two seconds at 4 kHz (at 8 kHz it plays twice too fast) - from disk 066 beside 9.PRG; decodes to sound on the host",byte layout compared with 9.PRG/TLF.PRG 2026-09-06; decoded to WAV,1,dc13e5c6f5a2795d2726b0f9f5f25a8fae4afaad3ade8e75c127ec0919d9aec7
programs/covox/107.PR,107.PR,data,,,,,,,"107.PR - an 8-bit recording in the format of VLAD & ALEX's players LD1/LOAD: 8192 words, one sample in the low byte of each (the high byte zero), about two seconds at 4 kHz (at 8 kHz it plays twice too fast) - from disk 066 beside 9.PRG; decodes to sound on the host",byte layout compared with 9.PRG/TLF.PRG 2026-09-06; decoded to WAV,1,9ee2c3db482731f450d92491b83a61037b216c11a8c2ba5960a4c653e7220247
programs/covox/140.PR,140.PR,data,,,,,,,"140.PR - an 8-bit recording in the format of VLAD & ALEX's players LD1/LOAD: 8192 words, one sample in the low byte of each (the high byte zero), about two seconds at 4 kHz (at 8 kHz it plays twice too fast) - from disk 066 beside 9.PRG; decodes to sound on the host",byte layout compared with 9.PRG/TLF.PRG 2026-09-06; decoded to WAV,1,bf3a1affa7d4eef8a8d93d505fa4a4f980bc06d1dcd610dc41cd2168fd7f8d63
programs/covox/9.PRG,9.PRG,data,,,,,,,"An LD1/LOAD recording in the players' 8K-word format: 8192 words of one 8-bit sample each (high byte 0), about one second at 8 kHz, loud and clipped (23% of samples at 0/255); decoded on the host it is a recognizable sound. From Rodionov's 064/066, where the players live",decoded to WAV and listened to 2026-09-06,1,7c3ecd4fbab7dfe64eca1b14f85ffccf17c59cdce9d5205b03eafa2e1ecdc847
programs/covox/A,A,data,,,,,,,"A digital-audio recording in the VLAD & ALEX sampler format (SER4/LD1/LOAD): 32768 bytes = the 16K-word sample buffer, two 4-bit samples per byte (low nibble first), 65536 samples - about eight seconds at 8 kHz; decoded on the host it is a recognizable recording, not noise. On disk 056",decoded to WAV and listened to 2026-09-06,1,658cdb84f5d7a3acd8a0614069fa7ac84c51dc1a8dae8e69bbb61eb6588e013b
programs/covox/LD1.SAV,LD1.SAV,program,high-level (runtime library linked),text,en,ascii,ran,,"Player/manager of the VLAD & ALEX digital-audio family (same hardware layer as SER4: home-made ADC on the Centronics port, Covox-style 4-bit output on PPI 177542): menu Exit/Load/Save/Play/Delay, loads a recording by name, plays it at a chosen delay (=sample rate); 'Thanks for use our program!' on exit",strings + shared 157700/177540/177542 hardware code with SERV4.MAC,2,60a2142bf442b62c41596ce58989ed800cd1a209907c805eca76bbbf965083a6
programs/covox/LOAD.SAV,LOAD.SAV,program,high-level (runtime library linked),text,en,ascii,ran,,"Themed build of the VLAD & ALEX audio player: banners 'This is MUPPET SHOW !' and 'This is European Top Twenty !', 'Greatest hit played.' - someone sampled the Muppet Show intro and chart hits through the home-made ADC and played them back; Load-or-Play menu, writes loader.bin. The recordings themselves survive on no disk - only the player remembers them",strings + shared hardware layer with SER4/LD1,1,e87f61bb511a7c0611c815a125ed540ddfe9296dc37f5806831441855245eb81
programs/covox/SER4.BAK,SER4.BAK,data,,,en,ascii,,,"Earlier revision of SER4.PAS (program LOADER, the sampler's Pascal loader): the sample-conversion loop written differently (26 lines apart) - kept as the project's history",diff against the source 2026-09-06,2,b4279724f71ae43d73933a7c447874887f875e9dc895a0d8e8892cd30116e512
programs/covox/SER4.MAC,SER4.MAC,source,,,en,ascii,,,"The MACRO-11 text PAS1 produced from SER4.PAS - the compiled recorder before assembly (1232 lines, calls INP/OUT/SETUP/DISBL of the SERV4 hardware layer)",read 2026-09-06: PAS1 output form,1,f82b6f76ac912f5451866e07551318bc9c72c92f239eed9ebae158772a8d030a
programs/covox/SER4.OBJ,SER4.OBJ,object/library,,,en,ascii,,,"Object module of the SER4 recorder (its menu strings Loading… / Playing… / Save to file inside), LINKed with SERV4.OBJ into SER4.SAV",strings 2026-09-06,2,163eb2d6f750966d6cb0cf7f75fc27a9f242a02078f74cbeceb854e0e3f1d8ce
programs/covox/SER4.PAS,SER4.PAS,source,,,en,ascii,,,"Source of the «Sound Effect's Recorder»: program LOADER - load, save, play (a delay loop per sample, interrupts off while playing) and record through the external INP/OUT/SETUP of the MACRO layer; the 16K-word buffer and the 4-bit packing Convert/Reconvert",read 2026-09-05,1,681a31feda8b609be039f4e368af93054d8fd441851a9200291386da73770c0f
programs/covox/SER4.SAV,SER4.SAV,program,Pascal (source on the disks),text,en,ascii,ran,,"'VLAD & ALEX present: Sound Effect's Recorder version 2.0' - homebrew digital audio: samples 4-bit sound from a home-made ADC on the CENTRONICS printer port (hand-driven STROBE via 157700, data from 177540), plays back through the MS7007 PPI port B at 177542 as a Covox-style DAC, packs two samples per byte into a 16K-word buffer, with switchable table-based digital filtering (FLTON/FLTOFF). The whole development set survives: SER4.PAS loader, SER4.MAC + SERV4.MAC hardware layer, .OBJ",SER4.PAS/SERV4.MAC sources + the program's own title screen,2,511a20f620fbe0dc445fa09a2a65ff48124898a2750a00f4f1e0ab8ddbb3a4d9
programs/covox/SERV.MAC,SERV.MAC,source,,,en,ascii,,,"An earlier, shorter cut of the hardware layer (INP only, 61 lines): the byte input through the Centronics port, strobe bit-banged via 157700",read 2026-09-06,2,4b7bf71948ac8ac1c954d3b4c89a69acc3837ef377e2dd28db6b0af7516bd4dd
programs/covox/SERV4.MAC,SERV4.MAC,source,,,en,ascii,,,"The hardware layer of the recorder: DISBL/ENABL (processor priority via MFPS/MTPS), INP - a byte from the home-made ADC on the Centronics port (strobe through 157700, data from 177400), OUT - a sample to the MS7007 PPI port B 177542, SETUP",read 2026-09-05,3,486c84c53db574b9b555a45f1ae77c1b3009dc55105862ddc0ac136f97fc2a3a
programs/covox/SERV4.OBJ,SERV4.OBJ,object/library,,,,,,,Object module of SERV4.MAC,,3,596b85bf897bbc4aee9347c3df745a0cde11d336b400b37f7ea05326204a3fc9
programs/covox/SOUND4.BAS,SOUND4.BAS,source,,,en,ascii,,,"A little BASIC melody recorder: keys 1-7 play the seven notes of an octave (frequencies in DATA) and are remembered, 0 plays the tune back and saves it to ZWUK.MUZ, then reads it again",read 2026-09-06,1,4bfb9249f8ce4a85e7cff9b611b014cc1b508cf4d8b9dfa58f01c67ab1117f46
programs/covox/TLF.PRG,TLF.PRG,data,,,,,,,"An LD1/LOAD recording in the players' 8K-word format (8192 words of one 8-bit sample each), about one second; decoded on the host it is a recognizable sound (TLF - a telephone?). From Rodionov's 064/066",decoded to WAV and listened to 2026-09-06,2,10621a51f403b5fb06f515fa6d2a28e0d6fb8d1f4606eb41ed3e9378bf9984d5
programs/domnich/CALEND.PAS,CALEND.PAS,source,,,ru,koi8-r,,,"Source of the perpetual calendar, signed «Домнич А.В 16-06-94г.» in its header: prints any year 1583..5000 as a table three months wide (shmc=3) into an output file, Russian month names",read 2026-09-05,2,d891fc6363505b33d4ca41a02f6bacba3a3a7ca8a8878cd0268c6b19fc89ed39
programs/domnich/NEWTON.FOR,NEWTON.FOR,source,,,ru,koi8-r,,,"Newton's method for a system of nonlinear equations - «Решение системы» - in FORTRAN, header «13.05.94 Fortran/FODOS-2», «программист Домнич Александр»",read 2026-09-05,2,a58207d8f99564d3ddc2df32e276b042e1be2426e8dc7cf60027a0eb0aed0136
programs/domnich/UDAW.PAS,UDAW.PAS,source,,,ru,koi8-r,,,"Source of ПИТОН: the rules text («игра может быть полезна учащимся младших классов при изучении темы: гласные и согласные»), the snake driven by the cursor keys eating vowels vertically and consonants horizontally, and the self-check of the .SAV",read 2026-09-05,2,9fc29dee10332e018be656b398e772db8277a5bfa0c9eaeb9bdd8d77f4886fea
programs/games-basic/A.BAS,A.BAS,source,,,,,,,"Picture in IBM-PC-style BASIC (SCREEN 0, CIRCLE/LINE/PAINT): a cartoon head with two big round ears, eyes and a nose over a body, two rows of slanted strokes at the sides and a pedestal at the bottom - a still drawing, no interaction",read from the source 2026-09-05,2,f76dc1330530d4e90a00a6276a87d107df1f4d65bdecc7c3c8f5e7e01e3c0b07
programs/games-basic/ATAKA.BAS,ATAKA.BAS,source,,,ru,koi8-r,,,"FRAGMENT of an arcade game «ATAKA» (1 KB of a much longer listing - line numbers jump from 11 to 230 to 5500): a rules screen («КЛАВИШИ УПРАВЛЕНИЯ», «НАЖМИТЕ ПРОБЕЛ ДЛЯ ПРОДОЛЖЕНИЯ»), INKEY$ control, PUT-sprite graphics in SCREEN 3, DATA tables; too little survived to run",read from the source 2026-09-05,1,37e5019890fb9f82a905407c634229c236ee009892e6acf2233f08b16349aa08
programs/games-basic/BIZNES.BAS,BIZNES.BAS,source,,,ru+en,koi8-r,,,"«БИЗНЕС - экономическая игра» (Воронеж, 11.92): a Monopoly-style board game for 1-4 players (alone against the computer): 112 cells of firms - BBC, BOING, IBM, FORD, AUDI, SONY, MERSEDES-BENZ, CHRISTIAN DIOR... - bought for «cheques», rent to the owner, БАНК / ШАНС / КЛАД / вор! cells with 17 chance cards («вы разбили зеркало в ресторане», «ваш дядя умер и оставил кучу долгов»); ends with the «пьедестал почёта» and a high score kept on disk in BIZNES.DAT; E at the dice prompt ends the game",read from the source 2026-09-05,2,6f7ae2b05bf2bb6ac15923f654b5772b4e280f11048faebb599e9ca7b2eeaa53
programs/games-basic/EYES.BAS,EYES.BAS,source,,,,,,,"«Мигалка»: a hundred times flips the screen colours between two palettes (COLOR 0,2,7 / 0,1,7 with CLS) with two alternating SOUND tones - a strobe/siren effect",read from the source 2026-09-05,1,f1e2266ab392a45af04ecff0875b9f05cb9a30247038985c84ef6ec5cc6eb365
programs/games-basic/FOOTB2.BAS,FOOTB2.BAS,source,,,en,ascii,,,"Text football, Динамо vs Спартак: the ball is in one of zones 0-6, you enter the zone to move it to, the computer answers by chance - interception, a shot at goal from zone 6 («удар по воротам»), the keeper, «мазила», fouls with penalties («игра рукой / грубая игра - одиннадцатиметровый»), offside («судью на мыло»); first to 10 goals or 200 moves. This copy is a terminal capture (it begins with «.TY DX0:FOOT.BOL» - the program came from a machine with RX floppies) in KOI-7 transliteration",read from the source 2026-09-05,2,034a63e9fc6818582b07d26d6e2d86195bde55b84fca41823c10aabd302e3b1e
programs/games-basic/FOOTBO.BAS,FOOTBO.BAS,source,,,ru+en,koi8-r,,,"The same Динамо-Спартак text football as FOOTB2.BAS, partly re-typed with Cyrillic messages («мяч у 4», «удар по воротам», «мазила!! свободный удар», «судью на мыло!!!»)",read from the source 2026-09-05,1,a1a8ce7a4f285159c88c6570be641db57d69919fe8b29473e5d08b6c693cedd5
programs/games-basic/HANGMA.BAS,HANGMA.BAS,source,,,en,ascii,,,"Hangman («виселица») for two: one player types the secret word blind, the other guesses whole words; each miss draws a piece of the gallows and the man with LINE/CIRCLE, seven misses end with «Самоубийца!!!», a hit with «Поздравляю! Вы УГАДАЛИ слово!»",read from the source 2026-09-05,2,5badcdee1a5d64fb73b58b816b1e646d8f0edf91727e3586300d17e0080a5a9c
programs/games-basic/KORABL.BAS,KORABL.BAS,source,,,,,,,"«Кораблик»: draws a little ship - hull, mast, flag - with LINE and fills it with PAINT (IBM-PC-BASIC style, SCREEN 0); a still picture",read from the source 2026-09-05,3,d042fe84bc8b993b0f50b3ba13632c2c9ca261eabee4a7fb762027adfddca741
programs/games-basic/NONAME.BAS,NONAME.BAS,source,,,,,,,"Graphics-and-POKE experiment: draws a fan of points with PSET along rotating rays (J*SIN(A), J*COS(A)) while POKEing computed values into 65504/65507 (0o177740/177743) - an untitled test",read from the source 2026-09-05,2,6ab998870586c869b65dac813e4e052b1d40a748739bcd7ba5af8ffdb4feed04
programs/games-basic/OLIMP.BAS,OLIMP.BAS,source,,,en,ascii,,,"Three olympiad-style exercises in one file: reverse a typed phrase (runs to STOP); then, after the STOP, find the equal pair among ten numbers, and print a 3x3 matrix with row and column sums (PRINT USING)",read from the source 2026-09-05,2,fd48c0944ce2aa9b32e9ad0147ca9fb1ecc7227e7a02d8309b21cd6e6f9737d2
programs/games-basic/OTGADA.BAS,OTGADA.BAS,source,,,,,,,"«Отгадай»: the first player types five characters blind (INKEY$, no echo), the second guesses the word until it matches - «Вы угадали слово за n попыток»",read from the source 2026-09-05,2,f543327285920c22a03900f2d5402ca3fd99d1ca7ac636ec959e30f4a0d85c21
programs/games-basic/T6.BAS,T6.BAS,source,,,,,,,"Unfinished skeleton of a driving game: a menu (1-CHANGE SPEED, 2-START GAME, 3-CHANGE MILES), an 80x25 character field with two lane markers > <, a random wobble and a key handler - never reaches play",read from the source 2026-09-05,1,9b435cea6ef40f129cd29403ed07432a6d642a35dc935ae07bef4ffdbda5d9d0
programs/games-basic/TENNIS.BAS,TENNIS.BAS,source,,,ru,koi8-r,,,"BASIC Pong with sprites (TENNIS.SPT): your racket on the left is moved through the joystick port (PEEK(-158) = 177542, eight directions), the computer's racket on the right follows the ball, scores at the top corners, SOUND on every bounce and goal; unrelated to the assembler TEN.SAV",read from the source 2026-09-05,2,9a5af6fa993677b62881a4521b1cc3050a0092b5108b55bbf14d31dc1369c8a5
programs/games-basic/TENNIS.SPT,TENNIS.SPT,data,,,,,,,"Sprite table of TENNIS.BAS (SPRITE BLOAD): the ball, the rackets and the net as 8x8 patterns - 2560 bytes in the БЕЙСИК-ОМЕГА sprite-file layout (it carries the interpreter's own error strings)",bytes 2026-09-06,2,4f406425d80ef87f131bc750815887875bc93ae726e8bbe3303f9f9ead9d1752
programs/lyceum1/1003,1003,data,,,,,,,"A lab results sheet in the lyceum's format («работу выполняли ученики 10А класса», two pupils' names, then the table of t1, t2, P2, P1 and the error) - the same layout as the 10A….DAT files, written by the gas-law program ZAM",content read 2026-09-06,1,bef983996a8b20acc6e280ce8fe43d77b775dac44cd8aaf3f2f35bd9c9ddce20
programs/lyceum1/1003L.COM,1003L.COM,command file,,,,,,,"Startup command file of a lyceum lab station: SET TT QUIET, RUN ZASTL (the title screen), RUN ZAM (the gas-law lab program)",content read 2026-09-06,1,2d46e9bc454a7f8ec0d3a3b81c74be66a199f4bdd5a3faa5fe81a715e7f73b66
programs/lyceum1/10ALEN.DAT,10ALEN.DAT,data,,,,,,,"A results sheet the lyceum's gas-law lab program writes: «работу выполняли ученики 10А класса», the two pupils' names, then per experiment t1, t2, P2, P1 and the error («равенство выполняется с погрешностью…») - pair LEN",content read 2026-09-06,1,be2e4fabb73090545f5a79ed28e8b6d7c2cc353b51e56479cf9caa75707a35d2
programs/lyceum1/10APOR.DAT,10APOR.DAT,data,,,,,,,"A results sheet the lyceum's gas-law lab program writes: «работу выполняли ученики 10А класса», the two pupils' names, then per experiment t1, t2, P2, P1 and the error («равенство выполняется с погрешностью…») - pair POR",content read 2026-09-06,1,7606c488597d18d6cf42c9ca9f6d5cd8c8ad7b09aaf0cfb2db6372f936b3ab3e
programs/lyceum1/10APRG.DAT,10APRG.DAT,data,,,,,,,"A results sheet the lyceum's gas-law lab program writes: «работу выполняли ученики 10А класса», the two pupils' names, then per experiment t1, t2, P2, P1 and the error («равенство выполняется с погрешностью…») - pair PRG",content read 2026-09-06,1,2bb8683d47b57ae3a1a220cf20baf4ef46b3b3a0f54346d5b1e66e17154fe42f
programs/lyceum1/10ASRP.DAT,10ASRP.DAT,data,,,,,,,"A results sheet the lyceum's gas-law lab program writes: «работу выполняли ученики 10А класса», the two pupils' names, then per experiment t1, t2, P2, P1 and the error («равенство выполняется с погрешностью…») - pair SRP",content read 2026-09-06,1,42c8d8c7120e9bd876def143c78474c5445f347e9d97e3f69e8e9a39191a735d
programs/lyceum1/10AWAR.DAT,10AWAR.DAT,data,,,,,,,"A results sheet the lyceum's gas-law lab program writes: «работу выполняли ученики 10А класса», the two pupils' names, then per experiment t1, t2, P2, P1 and the error («равенство выполняется с погрешностью…») - pair WAR",content read 2026-09-06,1,308f1bc1cba6d8f442c24dbe5b28d2548ed7cfb883e192e41b982ea37940f758
programs/lyceum1/10AWAT.DAT,10AWAT.DAT,data,,,,,,,"A results sheet the lyceum's gas-law lab program writes: «работу выполняли ученики 10А класса», the two pupils' names, then per experiment t1, t2, P2, P1 and the error («равенство выполняется с погрешностью…») - pair WAT",content read 2026-09-06,1,729b1ec976eb8b4257b287c671d36cff3e8cd30cbce8a62e516579e5d86e12b6
programs/lyceum1/11BMMM.DAT,11BMMM.DAT,data,,,,,,,"A results sheet of class 11Б («результаты вычислений … работу выполнили учащиеся 11Б класса»): a computed value, its interval and the error 7.8%",content read 2026-09-06,1,93ba9e944941144028025a4f988c974fbd867488826ae931c6e95d0e208e8458
programs/lyceum1/HIM.PAS,HIM.PAS,source,,,,,,,"Program kislorod - the chemistry coursework «Кислород и его характеристика», title screen «Россия, г. Воронеж, Лицей №1» - menus of the properties of oxygen; the object PROBA.OBJ of the same program names its author, Чепков Александр, 1992",read 2026-09-06,1,c8a89e165e9a0beb3168e1c2d0ecf5917e9f1ce11e9dbae16a8cc844888c2617
programs/lyceum1/HIM.SAV,HIM.SAV,program,Pascal (source on the disks),text,en,ascii,ran,,"Chemistry courseware, lesson ""Oxygen and its properties""; Voronezh Lyceum No. 1, A. Shchepkov, 1992",program screen,2,469238424505a67961dc6c5c83d505edb0aca6dbf4004e44dc9ba4e0fe6a5a00
programs/lyceum1/IGOR.PAS,IGOR.PAS,source,,,en,ascii,,,"Program Laborator - the physics lab on the induction of a magnet's field: coil (катушка), magnet, galvanometer; asks the class and two pupils' names, averages the measurements and prints the relative error; 1992",read 2026-09-05,1,519b5ec609e45fbf0075fb1b8e2426a3423685df8e1f68e22eea6a8980ecc7e5
programs/lyceum1/IGOR.SAV,IGOR.SAV,program,Pascal (source on the disks),text,en,ascii,ran,,"Physics coursework: measuring the induction of a permanent magnet's field, with a drawing of the school building; I. Druzhinin, Lyceum No. 1, 1992",program screen,1,f24fe2ca67bc1f42ae75a91b91aaffe73ed42221a567b0f645b1f24e6af0dc55
programs/lyceum1/INSTR.TXT,INSTR.TXT,text,,,,,,,"«Ход работы» of the magnetic-induction lab (IGOR): measure the coil's diameter, compute its cross-section, count the turns…",read 2026-09-06,1,9e084f3296e879f5f471c938b38d16ab15b506b68de2200efd7fb30d824ca4d8
programs/lyceum1/INSTR1.TXT,INSTR1.TXT,text,,,,,,,"The procedure of the gas-law lab (ZAM): measure the temperature in the vessel of hot water, lower a glass tube closed end down…",read 2026-09-06,1,8040b3fa1d0bef6313cbf411bbf9055bd4aa8546e00dbaf265ab504c19a5c79b
programs/lyceum1/LIN.C,LIN.C,source,,,,,,,"Source of LINE.SAV: point() XORs pixels into VRAM at 16384 (0o40000), line() by recursive midpoint subdivision, main asks two endpoints in a loop - with the scanf-without-& and self-recursion bugs intact",read in full 2026-09-05,1,a3a5660841e44b2d2c2c2ad0ef73c28d2d9176943d66355b3ed5f944a5157cd6
programs/lyceum1/LINE.SAV,LINE.SAV,program,assembler (no runtime library),text,en,ascii,ran,"bare prompt, no answer to a bogus file name","Line-drawing experiment in Whitesmiths C (source LIN.C beside it): asks x0/y0/x1/y1 at a '#' prompt and draws on the 640x200 hi-res screen by direct VRAM access (short* at 16384, XOR-points, 80 bytes a row), lines by recursive midpoint subdivision. Textbook beginner bugs preserved: scanf without &, so any input crashes to ODT - the 'debugger' the old probe description saw was the C runtime's register dump; the x0>x1 case recurses on itself; horizontal lines paint the full screen width",LIN.C read in full + live run 2026-09-05,1,1dfeccbe24a7786ee316e492249d76b086305a90e4f2e9c7798bf84f7ae819e1
programs/lyceum1/LP.SAV,LP.SAV,program,high-level (runtime library linked),,en,ascii,ran,,Working line-drawer from the amk_2 lab disk (Pascal): asks x1/y1/x2/y2 in a loop and draws the segment on the graphics screen. The same exercise as the C LINE.SAV beside it - but this one works (no scanf-without-& to crash it). Not to be confused with the LP.SYS printer handler,"live run 2026-09-05: (10,10)-(300,150) drawn, loops for the next pair",1,df70359557834e5ac46f3d855676dd7d066d6753d1d3dbcb237b134f2f8dd68f
programs/lyceum1/LUD.PAS,LUD.PAS,source,,,,,,,"Not a program despite the extension: the theory text of the latent-heat lab (heat given to a solid, melting, «при достижении температуры плавления…»), the text LUDA10 shows",read 2026-09-06,1,eca4732878a5ecdab1babe86cef1f9f20e0e0be6864680e999c41149bcd8a042
programs/lyceum1/LUDA10.PAS,LUDA10.PAS,source,,,,,,,"Program work - the latent-heat lab: shows the theory from a text file, takes the measurements, computes averages and errors; 1992",read 2026-09-05,1,b4178198792c62fe013b61d4f732424249fb7e54f3524a08686af93da282ff62
programs/lyceum1/LUDA10.SAV,LUDA10.SAV,program,Pascal (source on the disks),text,en,ascii,ran,,"Physics coursework: latent heat of fusion and specific heat of paraffin; L. Borodkina, Lyceum No. 1, 1992.  Uses the shared ZASTL title screen",program screen,1,ba2af509cdbc832b54d3fe3f38fd8c78e9e6ffc8f2ce8119a32fe002b68a2e66
programs/lyceum1/OLGA.SAV,OLGA.SAV,program,high-level (runtime library linked),graphics,en,ascii,ran,,Coursework in the Lyceum No. 1 series; asks for the number of experiments (at least two),program screen,1,ce63f291d8f720f44d9b48e74c93a9e4752d145dbd0a5b7af92aeb43488927f9
programs/lyceum1/PROBA.COM,PROBA.COM,command file,,,,,,,"Build recipe of PROBA: PAS1 → MACRO → LINK with LD4:PASGRF, LD4:PAS1 and DZ:PASLIB, then COPY of the .SAV and .PAS to DZ: - the lyceum's Pascal toolchain laid out on logical disks",read 2026-09-06,1,eba078f4a02af121ce7bc4847d9a123641d23100d79e27bccdba1348e4be76d5
programs/lyceum1/PROBA.OBJ,PROBA.OBJ,object/library,,,,,,,"Object module of a build of the kislorod (HIM) program - its title strings inside name the author: «Разработал: Чепков Александр, 1992 г.»",strings 2026-09-06,1,827505a1e9ac905b77b208bd52afe51a6e939f867895031a765b4fc8bd90e284
programs/lyceum1/PROBA.SAV,PROBA.SAV,program,high-level (runtime library linked),text,en,ascii,exited,,"Carries the standard FORTRAN/Pascal runtime error table (""TRAP TO 4"", ""NOT A VALID DEVICE"", ""I/O CHANNEL NOT OPEN""); a compiled test program that prints nothing on its own",strings in the file,1,6d379afe8b3429d58054fdfbe639ec3ba8fb0dfeea83e28fda7b3051adfcf911
programs/lyceum1/ROBA.PAS,ROBA.PAS,source,,,,,,,"Source of ROBA.SAV, program grred: a line-drawing editor with line/point/vpeekb/vpokeb externals that keeps 50 lines in an array and writes them out as «line(...);» Pascal statements",read 2026-09-06,1,1ca1e050df63e5a13a4ff90a4a74e7e52c568e6c739744254fbfdb6625e71c56
programs/lyceum1/ROK.TXT,ROK.TXT,text,,,,,,,An essay «Введение» on computers in Russian school education - the report that accompanied the lyceum coursework (cites Мякишев-Буховцев's physics textbook),read 2026-09-05,1,e5e59a55887d02a358133857568a6f2aeaf08817d328028b39d7060a5f99f54b
programs/lyceum1/ROO.DAT,ROO.DAT,data,,,,,,,"Drawing file of the grred line editor (ROBA.SAV): «line(x0,y0,x1,y1);» statements, 50 of them, all zeros - an empty drawing",read 2026-09-06,1,f68b9a31319c6af703de03384fe5a7a7faa96542570cd6977a0e0382d1003b86
programs/lyceum1/SOWLIT.REA,SOWLIT.REA,data,,,,,,,"Not a program: a literature essay «Тема исторической памяти в современной литературе» (Гроссман, Рыбаков, Ахматова, Твардовский, Домбровский) - a pupil's composition kept on the lyceum disk",read 2026-09-06,1,5763c5d75f1ac1b743d69bbfb3a20530a8d7ecd51709c42a39f504262d90be85
programs/lyceum1/TEOR.TXT,TEOR.TXT,text,,,,,,,"«Теория» of the magnetic-induction lab: the approximate value of the field at a magnet's pole, the field taken as uniform…",read 2026-09-06,1,a422eb05506ff0d9f54c6bc2749026bddc0fbc9d37bafd4a6d75b9ea2d3c0bfc
programs/lyceum1/TEORT1.TXT,TEORT1.TXT,text,,,,,,,"Theory text of the gas lab: the properties of the gaseous state, pressure on the vessel walls, dependence on temperature and volume",read 2026-09-06,1,1c6ddc8771143ddd8abdacb13783c4e103811a71216e5702d2e78c0ee7e5bcc6
programs/lyceum1/WEEK.PAS,WEEK.PAS,source,,,,,,,"Program work - an electrical lab: voltage and current readings U(пр.), I(пр.) per experiment, averages and the relative error, the shared menu («для выхода в меню нажмите ВВОД»); 1992",read 2026-09-06,1,b34e76f3de6e330c9399bb58c59464cd953b2f90bb32896972b114580d476f03
programs/lyceum1/WP.DAT,WP.DAT,data,,,,,,,"Drawing file of the grred line editor (ROBA.SAV), one «line(...)» per line, all zeros - an empty drawing",read 2026-09-06,1,b293bbe3536f959b89cf5548546ad75894a26289970760be4ee0b67ccbd63e45
programs/lyceum1/ZAM.PAS,ZAM.PAS,source,,,en,ascii,,,"Program p3 - the gas-law lab: enters the temperatures of hot and cold water, the length of the water column and its height in the cold vessel, computes P1/P2 and the error, and writes the results sheet with the class and two pupils' names (the 10A….DAT files)",read 2026-09-06,1,dfe9171b27d427ce1c6b6ec4e8c3ebf3ccfa333fb7e1e92d3fbb45b07696134a
programs/lyceum1/ZAM.SAV,ZAM.SAV,program,Pascal (source on the disks),graphics,en,ascii,ran,,School program: asks which class you are in (for example 10B or 10A),program screen,1,92ecadab9f8536b5e6610da018b3fd63bc1f80a1a0e26dd0257c94c62cb9383c
programs/lyceum1/ZASTL.PAS,ZASTL.PAS,source,,,,,,,"Source of the shared title screen: «Россия, 1992, г. Воронеж, Лицей 1 - разработал лицеист Торохов Александр»",read 2026-09-05,1,b7ec494c782c6d0a6462c64f08040407207f943ae25aebcd5a53d78a8e1f4b9d
programs/lyceum1/ZASTL.SAV,ZASTL.SAV,program,Pascal (source on the disks),text,en,ascii,ran,,"The title screen the Lyceum No. 1 coursework programs share: a drawing of the school, ""Russia, 1992, Voronezh"", by the pupil A. Torokhov",program screen,1,26cb8633555d4d7c80df434dd201e6a9c5d9b9084151adee2dee2713e354b62d
programs/lyceum1/lyceum-1/ROBA.SAV,ROBA.SAV,program,Pascal (source on the disks),graphics,en,ascii,ran,,ROBA as amk_1 carries it,"read 2026-09-06; the Лицей №1, disk amk_1 build",1,d138570618734d8a88dfbd8e50d46516da907a1d5198a1576b9fe5ab6ff99e5f
programs/lyceum1/lyceum-2/ROBA.SAV,ROBA.SAV,program,Pascal (source on the disks),text,en,ascii,ran,,"ROBA as amk_2 carries it - another build, all 21 blocks differ","read 2026-09-06; the Лицей №1, disk amk_2 build",1,6d4df27d4a2e2a4328bab12099b00ead8c38a4bd9404e3a20e5d007df70d10ee
programs/ms0111/EPP.BAK,EPP.BAK,data,,,,,,,"Earlier revision of EPP.MAC, one line shorter (no TST @#177552 poll) - kept as the project's history",diff against the source 2026-09-06,1,8a5168b58f34d46e5af0135429b7b11cdd95c4a2729719f77fade7189e13465a
programs/ms0111/EPP.MAC,EPP.MAC,source,,,,,,,Nine lines: writes the constant 47 to the register 173406 and exits - initialises the link adapter of the МС0111 complex,read 2026-09-06,1,7beec56764617b36b3d758affacbdf0b9ecadfe1b2fe944b5fedbc2391fd196a
programs/ms0111/EPP.OBJ,EPP.OBJ,object/library,,,,,,,Object module of EPP.MAC,,1,c7ff2749fa1ea51a08697fd2c793c1dafb7099be77e6bba00fb7c9851d20d4d0
programs/ms0111/EPP.SAV,EPP.SAV,program,assembler (source on the disks),text,,,exited,,"Link-channel initializer from the work diskette 056 of the КВИ «Электроника МС0111» complex: an 8251-style UART setup sequence into 173206 (dummy/mode/command bytes) plus 173406, then a test of 177552; run before TERM. Source EPP.MAC survives beside it",EPP.MAC read in full; 056 disk context via TERM.TXT,1,8e1e2cba7f5b59d220afb5e730857a555fec8e81e3714afda7f1e9ec84d6ada1
programs/ms0111/KUBUS.BAK,KUBUS.BAK,data,,,,,,,Earlier revision of KUBUS.MAC with different patch addresses (21 lines apart) - kept as the project's history,diff against the source 2026-09-06,1,8e1ef0a4f41db9a7a747488dbbe6e53d6c70054139f2ce43459b904032154780
programs/ms0111/KUBUS.MAC,KUBUS.MAC,source,,,,,,,Fourteen lines: stores 13727 at 125464 (a patch into memory) and exits - the KUBUS fix of the complex,read 2026-09-06,1,06fe7ebe8c889bc41eefc39596e377df47cd40714e3f9bf735c99e62e8774f8c
programs/ms0111/KUBUS.OBJ,KUBUS.OBJ,object/library,,,,,,,Object module of KUBUS.MAC,,1,04053a794d1131ac63c2a74185e65abdfead1c1a8252dccdadab47d11c8c8455
programs/ms0111/KUBUS.SAV,KUBUS.SAV,program,assembler (source on the disks),text,,,exited,,Ten-word in-memory patch from the work diskette 056 of the КВИ «Электроника МС0111» complex: pokes a polling sequence for I/O register 175200 (the link adapter) into code loaded at 125464 and exits. Source KUBUS.MAC survives beside it,KUBUS.MAC read in full; 056 disk context via TERM.TXT,1,14ef320efc86e75e65eaf0ec72547658625f4a5065978022b3cab01c0fc5b390
programs/ms0111/PIC.SAV,PIC.SAV,program,assembler (no runtime library),text,en,ascii,ran,prompt; answers ?CSI-F-Файлненайден*,"Extended-memory mapping TEST from the work diskette 056 of the КВИ «Электроника МС0111» complex: takes a file at its CSI '*' prompt, asks 'poehali?' and walks the mapped-memory API - create region, create window, map window, read/write/remap, reporting 'remap OK / read OK / write OK' per step (also prints 'user mode'/'digit mode'). Under our SJ monitors the mapping step fails with 'ERROR in macro or I-O error 22' - it expects the multi-user/XM environment of the complex's central machine world",strings + live run 2026-09-05,1,7982d95a8635901f090cd700a8e8ab41abe8d556d350187a482af6edd9ca1cd2
programs/ms0111/PIC1.SAV,PIC1.SAV,program,assembler (no runtime library),text,en,ascii,ran,prompt; answers ?CSI-F-Файлненайден*,PIC.SAV with eleven bytes changed - ten size constants 6->8 and one address 040->044: the same memory-mapping test rebuilt for a larger window/region. An engineer's parameter sweep preserved as two binaries,byte diff against PIC.SAV,1,b7bda7f8e81a6930df87a65271ac2ec4df3b63dc0d7d539cfbe9e3f32106ae3a
programs/ms0111/TERM.TXT,TERM.TXT,text,,,ru,koi8-r,,,"«Работа в режиме эмуляции терминала центральной ЭВМ» - the check-out procedure of the КВИ «Электроника МС0111» complex, on the work diskette 056 only: the complex is TERM.SAV on the ПЭВМ «Электроника МС0515» under ОСА and DEMO.SAV on the central ЭВМ «Электроника МС0108» under ФОДОС-4 with the multi-user monitor TS V6.1, and the text walks the check-out - DU then TSX on the central machine, R TERM on ours, «Линия #N» on the screen.  Nine blocks; the one-block TERM.TXT of the other disks is a different document",content read 2026-09-22,1,15e2f32e5d8527d0d657487e90b43c328e183676c2cc90b8c95d29afbf22ea98
programs/muzred/REKL.HLP,REKL.HLP,data,,,,,,,"Re-created melody file for ZASTM (the original is lost): integers ending in 0, the note list the advert plays - OURS, not a recovered file",written for the emulator's demo disk,,
programs/muzred/ZASTM.SAV,ZASTM.SAV,program,high-level (runtime library linked),graphics,en,ascii,ran,,"Advertising splash of the Muzykalnyj Redaktor (FMG, Voronezh 1994): animated logo plus a melody looping until ENTER, which exits to the monitor; it chains to nothing. Reads REKL.HLP (lost) as a list of integers terminated by 0 - unterminated data draws a 'Bad integer' each cycle. The editor itself survives nowhere - only MUZRED.SCR remains","probe experiments 2026-09-05: synthetic integers paint the full logo, a trailing 0 (or -1) ends the read cleanly; ENTER exits, SPACE does nothing; shipped as .SAV: the .EXE name is the collector's later renaming on disk4",2,641e292f57ef0618ad79a998205de0ba65245bfc8580c5cf34da4385510b226a
programs/pascal/BIO.PAS,BIO.PAS,source,,,en,ascii,,,"Source of the biorhythm calculator: the three cycles plotted as a text chart 64 characters wide, English month names (MAR…FEB), date arithmetic in records - a textbook program",read 2026-09-06,2,fbafdfec17a05fa365c6bd92750b43dbe3f3ee3e8e0986c6e3e9d2db6f0adfc8
programs/pascal/BIO.SAV,BIO.SAV,program,Pascal (source on the disks),text,ru+en,koi8-r,ran,,Biorhythm calculator; asks for a date of birth (yyyy mm dd),program screen,1,d0042cfa6d83b388c2c91792f00f570fd63bf9c2c2c7e4d464260adce84f2566
programs/pascal/BIORIT.PAS,BIORIT.PAS,source,,,ru,koi8-r,,,"A biorhythm program written entirely with Russian identifiers (PROGRAM биоритмы; TYPE год, месяц, дата; FUNCTION високос) - prints the month's chart with +/- halves; from a Russian Pascal textbook",read 2026-09-06,2,2a6bcd80b907fa494521ad5f41d232b0e0877e8f8c5fb95772f01ca9ab2fae36
programs/pascal/CCC.PAS,CCC.PAS,source,,,en,ascii,,,"program calculator - an expression calculator: reads a line, scans digits, additive and multiplicative operators and separators (Wirth-style sets of char), evaluates with REAL results",read 2026-09-06,2,136d515451c4ea4afa6d15530321c83edb84c974bf5396169857ba800370eccd
programs/pascal/CELFAR.PAS,CELFAR.PAS,source,,,ru,koi8-r,,,"«Таблица значений градусов температуры по Цельсию и Фаренгейту»: asks the start, end and step and prints the conversion table",read 2026-09-06,2,089a3027baad1232899b569a0a12914c77b17eabe24d1c6b789f4ff838e1a052
programs/pascal/CLOCK.PAS,CLOCK.PAS,source,,,ru,koi8-r,,,"Source of the graphics analog clock: «Введи время.. чч мм сс», the dial and three hands, the second as a calibrated delay loop",read 2026-09-05,2,ced3e99c7f864ac2560ae35eec132ff92ce984947d80858b5fc28987ed414aa7
programs/pascal/CLOCK.SAV,CLOCK.SAV,program,Pascal (source on the disks),text,en,ascii,ran,,"Graphics ANALOG clock: asks hh mm ss (the machine has no battery clock to ask instead), then draws a dial at the centre of the 320x200 screen and moves hands of length 30/60/80. Its 'one second' is an empty delay loop of 57000 iterations calibrated to the real 7.5 MHz CPU (for q:=-29000 to 28000) - so its drift is a direct measure of an emulator's cycle accuracy",CLOCK.PAS source (vvv104/disk3) + probe screen,1,d8976bc80f13a2f02678a1e056f1d4bc2a0a4609c286e7fe7e25490e95abb3eb
programs/pascal/COLOR.PAS,COLOR.PAS,source,,,en,ascii,,,"«Введите нужный Вам цвет экрана»: a menu 0 - чёрный, 1 - синий, 2 - красный, 3 - пурпурный, 4 - зелёный, 5 - голубой… and the screen switches to it",read 2026-09-06,2,c088ace0f71ddda1bbf35df0f6ba77a02142522646fefc443b1782e9a9afda6c
programs/pascal/COLOR.SAV,COLOR.SAV,program,Pascal (source on the disks),text,en,ascii,ran,,Colour demonstration compiled from COLOR.PAS beside it,identified 2026-09-05; shipped as .SAV: the .EXE name is the collector's later renaming on disk4,1,f76bf6d9ba2ba5d89ef60d67542798ae5a0360e53f135dfe483029b13e759bbc
programs/pascal/DNINED.PAS,DNINED.PAS,source,,,,,,,"FUNCTION DNINED(DT:DATA):DNED - the day of the week for a date (Monday..Sunday), twenty lines",read 2026-09-06,2,27da6290137b77435723f87bed2386f9ebcd7666f6c335abeeb3c458cef357de
programs/pascal/EPIC.BAS,EPIC.BAS,source,,,en,ascii,,,"The epicycloid drawer in BASIC: «Введите коэффициент отношения радиусов R и r», «Введите шаг в градусах», the curve traced with PSET",read 2026-09-06,2,a9404ab022d98fddc2fa7e0aa980e702208d455e7d86dfe5b3af01e458a77fe8
programs/pascal/EPIC.PAS,EPIC.PAS,source,,,,,,,"PROGRAM EPICYKLOID: asks the ratio of the radii and draws the epicycloid with LINE, a key ends it",read 2026-09-06,2,efc133b327131f7992d50807a947f32794c346191fad1ccf02ee98a5a302cbad
programs/pascal/EPIC.SAV,EPIC.SAV,program,Pascal (source on the disks),,en,ascii,ran,,Draws epicycloids; asks for the ratio of the radii R and r,program screen,1,774e0859a252ce6204205fd1c84d1b92b054c48b7621d137fb24424a30144228
programs/pascal/FREE.PAS,FREE.PAS,source,,,en,ascii,,,Textbook exercise: converts infix expressions from the input into postfix with an operator stack kept on a linked list and a free-list of released nodes (NEW/pointer '@' syntax of OMSI Pascal); as saved it still has a few missing semicolons - an unfinished student piece,read from the source 2026-09-06,2,07e5c5c6fd8b8d3a879167c9178d78aac57b8f05c7ca4fbd94d38c16f3343679
programs/pascal/GOROD.PAS,GOROD.PAS,source,,,ru,koi8-r,,,MakeCityScape - «рисует произвольные строения»: a random city skyline of buildings with windows (a Pascal rendering of a well-known BASIC demo),read 2026-09-06,2,23208fe3065189337b466eee9014e1daaa8d78e75e8eafa583fedacd7af1d451
programs/pascal/INKOD.PAS,INKOD.PAS,source,,,ru,koi8-r,,,"PASSWORD: a disk access gate - clears the screen, prints «Диск принадлежит Воронкову В В - введите код», accepts the code (5639) or, on a wrong one, prints «Посторонним лицам запрещён доступ к файлам», writes 0 into the keyboard status register 177442B and hangs in an endless loop",read from the source 2026-09-06,2,134197f91e8e941b28603c4d4eee2bdb39efe5075283208e5740a5e38f5ccfb7
programs/pascal/KOD.PAS,KOD.PAS,source,,,en,ascii,,,"KEY: hardware probe - prints the words at 177540B, 177542B and 177544B (the MS7007 PPI ports A, B, C: keyboard rows, the joystick port and port C) 500 times in a row, to watch what the ports return while keys are pressed",read from the source 2026-09-06,2,cf5e408391723c1359decc31c4adb24f8922b4ea302ef7bc3bdaa66e442b3d72
programs/pascal/MORZE.PAS,MORZE.PAS,source,,,en,ascii,,,"Morse code: a table of letters, digits and punctuation to dot-dash strings, converting entered text",read 2026-09-06,2,3494b81f1541f3db900ccf23c2663c020c48aac9ebc111bb52cbd0bc19eb0715
programs/pascal/UZOR.PAS,UZOR.PAS,source,,,,,,,"«Узор»: random patterns from moving line segments (MoveTo/LineTo with random parameters), a key ends it",read 2026-09-06,2,d92a7310d4df5c63a957fe7b1613fbf00c0304027d6c105d5f6dffe965c4ec3c
programs/pictures/MORDA.SCR,MORDA.SCR,data,,,,,,,"Screen dump (16384 bytes = the whole video RAM, 320x200 colour mode with attributes): three grinning faces with lolling red tongues on a grey field - a picture, not a program; from the 059 games disk next to ART.SAV",rendered from the VRAM layout 2026-09-05,5,1e74bd833ddec4d67ad03941fcdc6cf5af4e5cd133c70c11f9dc7c7e0a801bde
programs/recode/RECODE.C,RECODE.C,source,,,,,,,"Eighteen lines that are the Rosetta stone of this collection's encodings: a filter converting SO/SI-switched KOI-7 text to 8-bit KOI-8 - eats the 0x0E/0x0F mode bytes and adds 128 to every РУС-mode character. The exact conversion our modern disk5_text_to_utf8.py re-derived (UKCALC.LST with its 709 SO/SI pairs) - written by the keeper on the machine itself, in C",read in full 2026-09-05,2,19ce86812abeae495e2dad304061d7db73df310e17bc28f768d70038787cbac3
programs/recode/RECODE.SAV,RECODE.SAV,program,assembler (no runtime library),text,,,ran,"bare prompt, no answer to a bogus file name","Compiled build of RECODE.C, the SO/SI KOI-7 -> KOI-8 filter (reads standard input, writes standard output - hence the silent bare prompt when run without redirection)",RECODE.C source beside it on the vvv disks; shipped as .SAV: the .EXE name is the collector's later renaming on disk4,1,39a49abb7828b23bf4bebdde2884c8ab93a5d01b02a2c78d4ff86ee072bcb860
programs/sprites/GENSPR.BAS,GENSPR.BAS,source,,,ru+en,koi8-r,,,"Sprite generator «COPYRIGHT 1994 BY GOSTEV DMITRY, Россия, Воронеж - идея подана Грудзинским А.С. с физического факультета Львовского университета»: draws 8x8 sprites on a magnified grid and writes them as SPRITE data",read 2026-09-06,1,71a8292a0ea63bde612fa44322fd45c436ca004a4d3209c3f0cdee03aa3deefd
programs/sprites/SPRED.BAS,SPRED.BAS,source,,,ru+en,koi8-r,,,"«Редактор SPRITE - программа составлена на физическом факультете Львовского университета, автор Грудзинский А.С.»: edits an 8x8 sprite, asks the file name, number (>3), colours and brightness, and BSAVEs the table",read 2026-09-06,3,2952e18b5baae1ff07f1738c42e8c72b6d5df1c4a04a66bd8e7b28407dc6eba4
programs/sprites/SPRED.DOC,SPRED.DOC,text,,,ru,koi8-r,,,"«Программное обеспечение ПЭВМ Электроника 0515 - Редактор SPRITE - Руководство пользователя», 7 sheets, Львов 1991",title page 2026-09-06,1,445e440a6eeba29209749869db34283cd5dc8d2715e1137d38092cd09562a3d4
programs/vvv/BIG2SM.PAS,BIG2SM.PAS,source,,,,,,,copies a .PAS file turning capitals into small letters,read out of PROGS.DSK 2026-09-06,,
programs/vvv/BIG2SM.SAV,BIG2SM.SAV,program,high-level (runtime library linked),text,ru+en,koi8-r,ran,,Converts the upper-case letters of a text file to lower case; asks for the file name,program screen,2,80d8bf998afadf29f1aaf25befbdb128c3a62167aaafde26e147fc4a34d1b2fa
programs/vvv/CHAIN.PAS,CHAIN.PAS,source,,,,,,,a .CHAIN test: fills the RT-11 chain block at 500 with a RAD50 file name and issues EMT 374 with R0=4000 - and prints a jibe if control ever comes back,read out of PROGS.DSK 2026-09-06,,
programs/vvv/CODTXT.PAS,CODTXT.PAS,source,,,,,,,source of `CODTXT.SAV` beside it: the text coder/decoder whose cipher the minesweeper's K.HLP is in - it prints every byte as it goes,read out of PROGS.DSK 2026-09-06,,
programs/vvv/CODTXT.SAV,CODTXT.SAV,program,high-level (runtime library linked),text,ru+en,koi8-r,ran,,"Encodes and decodes text files; asks 1 to encode, 0 to decode",program screen,2,fe652de182b727c7ae93934789ce4d3c26bb27036d1b435836c48a8d5642991e
programs/vvv/DMPMOD.PAS,DMPMOD.PAS,source,,,,,,,trims a DUMP listing: drops its three header lines and everything before the `/` of each line,read out of PROGS.DSK 2026-09-06,,
programs/vvv/FORMUL.PAS,FORMUL.PAS,source,,,en,ascii,,,"Voronkov's formula-string editor and evaluator (baspasfor/disk2): edits the line f(x)= with insert/backspace (KBMODE, INKEY), verifies it (STRVERIF, also in STRVER.PAS inside PROGS.DSK), parses it into a tree and evaluates it on a stack with X, Y, T, P and the functions S C N L E A Q - a building block for a plotter.  On the disk it is K.PAS: K was the working name of whatever he was writing at the time, so that the ready K.COM built it; renamed here at his word",,2,f4f7c173be2647c760e9d298fff8fdd8f2f8b5615216abc99b1330b3ee9bd96e
programs/vvv/FORT.PAS,FORT.PAS,source,,,,,,,a test of calling FORTRAN's ASSIGN from Pascal,read out of PROGS.DSK 2026-09-06,,
programs/vvv/GR.PAS,GR.PAS,source,,,ru,koi8-r,,,"GRAPH3D: plots a second-order surface as a wire grid in oblique projection (NAKLON = 0.3) on the 320x200 screen through INITGRAPH/SETPIXEL of PASGRF - the source carries the whole family to choose from by uncommenting (ellipsoid, one- and two-sheet hyperboloids, cone, elliptic and hyperbolic paraboloids, cylinders; the hyperbolic paraboloid is active), with a safe-arithmetic layer (LNE, SQRE, DIVE, ST) that counts domain errors instead of trapping",read from the source 2026-09-06,2,1018ff6323649f5ae0b694a7131c08920ae9222a52130720ce1053c1f7cbd8da
programs/vvv/HORSE.PAS,HORSE.PAS,source,,,,,,,"the knight's tour: enter the board size and the start square, watch the backtracking search place the moves one by one (ESC Y runs it without pauses, ESC N quits); «Решения нет» when there is none",read out of PROGS.DSK 2026-09-06,,
programs/vvv/LSTROM.PAS,LSTROM.PAS,source,,,,,,,dumps the ROM 140000..177377 into PZU.DAT,read out of PROGS.DSK 2026-09-06,,
programs/vvv/LUNA.BAS,LUNA.BAS,source,,,ru,koi8-r,,,"Joystick space shooter «LUNA» (sprites in LUNA.SPT): rules screen («в Вашем космолёте поломался двигатель... уничтожить как можно больше инопланетных кораблей за отведённое время»), your ship at the bottom read through the joystick port (PEEK(-158) = 177542): left/right, fire, diagonal moves with fire; an alien appears at a random spot at the top every 30 ticks, a 1000-tick timer, «убито» counter, final «ВЫ УБИЛИ n ИНОПЛАНЕТЯН». Banner: «PROGRAM BY VORONKOV SOFT 1993»",read from the source 2026-09-05,2,6d387de75091ce87b14e37678d7fd98a158995d6d4327a5948be203fffd7d561
programs/vvv/LUNA.SPT,LUNA.SPT,data,,,,,,,"Sprite table of LUNA.BAS (SPRITE BLOAD ""LUNA""): the ship and the alien craft as 8x8 patterns, 2560 bytes",bytes 2026-09-06,2,0584de97cebe9dd386acc1a1815a5473e16c950846325a0cefb5363b2cd96ff6
programs/vvv/MORBOJ.BAS,MORBOJ.BAS,source,,,,,,,"Sea battle («МОРСКОЙ БОЙ») against the computer, Voronkov Soft Ware, Voronezh: title card, then BLOAD of the MORBOJ.SCR screen (so .SCR files are BASICO BLOAD screen images); two 10x10 grids lettered а-к, you place 20 ship cells with the arrow keys and ВК, the computer places its own at random; alternate shots with sound, «БРАВО, КАПИТАН!» / «МАЗИЛА!» / «СТРЕЛЯЮ Я», victory with «призовая музыка» (a 35-note tune in DATA) or defeat with a dirge. Sprites in MORBOJ.SPT",read from the source 2026-09-05,2,3c009758d04cd6523f7c2952ed4e6c8d4472430a63069f84ba0c94e6d5d0424c
programs/vvv/MORBOJ.SCR,MORBOJ.SCR,data,,,,,,,"Screen dump (16384 bytes = the whole video RAM, 320x200): the «МОРСКОЙ БОЙ» title screen of MORBOJ.BAS - a plane over the sea, ships, explosions, the footer «VORONKOV COMPUTER'S SECURITY Ltd.» (V. V. Voronkov's sea-battle game)",rendered from the VRAM layout 2026-09-05,2,343a89a56417b4324179a018ca5c6bf4b8f24b42bedcef86a8c360cc39666c5a
programs/vvv/MORBOJ.SPT,MORBOJ.SPT,data,,,,,,,"Sprite table of MORBOJ.BAS (SPRITE BLOAD ""MORBOJ""): the ships and shots of the sea battle, 2560 bytes",bytes 2026-09-06,2,0caa96a52ebc058d120f84b1421c64a7170c617ef68a494ca7202f576de7bb78
programs/vvv/MUZ.PAS,MUZ.PAS,source,,,,,,,"computes the frequencies of every note of nine octaves (equal temperament from A=440 Hz, sharps and flats) and writes them to MUZ.DAT - the table behind the music-editor screen `MUZRED.SCR` beside it",read out of PROGS.DSK 2026-09-06,,
programs/vvv/MUZRED.SCR,MUZRED.SCR,data,,,,,,,"Screen dump (16384 bytes = the whole video RAM, 320x200): the «МУЗЫКАЛЬНЫЙ РЕДАКТОР» screen - a piano keyboard with the note frequencies in hertz per octave, signed «COMPOSED BY VORONKOV V.V. - VORONEZH 21-6-1993». V. V. Voronkov's own music editor of 1993 (the program itself did not survive) - not the FMG editor that ZASTM.EXE advertises",rendered from the VRAM layout 2026-09-05,2,20a37f2bc825368cf3958303ef4fa070e36d634fb485bd790f14b6fe6c1f70fe
programs/vvv/NC.PAS,NC.PAS,source,,,,,,,"a Norton-Commander look-alike in the making: two panels, the F-key bar, Tab and the cursor keys - over a hard-coded mock directory of DOS names, no disk reading yet",read out of PROGS.DSK 2026-09-06,,
programs/vvv/PR.PAS,PR.PAS,source,,,,,,,"scans the I/O page 160000..177777, writing each byte back changed and recording in ADR.DAT the addresses that responded",read out of PROGS.DSK 2026-09-06,,
programs/vvv/QUEUES.PAS,QUEUES.PAS,source,,,,,,,"Unit Queues - a pointer queue in Turbo Pascal syntax (Interface/Implementation), signed «Составитель Воронков В. ПММ 2 к. гр. эк. киб.»: a university exercise that OMSI Pascal cannot compile",read out of PROGS.DSK 2026-09-06,,
programs/vvv/RAMKA.PAS,RAMKA.PAS,source,,,,,,,"RAM(x1,y1,x2,y2,type,c): draws a text frame in one of five pseudo-graphic styles",read out of PROGS.DSK 2026-09-06,,
programs/vvv/RAZLMN.PAS,RAZLMN.PAS,source,,,,,,,factors an entered number into primes,read out of PROGS.DSK 2026-09-06,,
programs/vvv/REDUMP.PAS,REDUMP.PAS,source,,,,,,,the inverse of DUMP: reads an octal listing back into a binary file (unrelated to REDUMP.SAV of `../../software/development/debug/`),read out of PROGS.DSK 2026-09-06,,
programs/vvv/REN.BAS,REN.BAS,source,,,,,,,"BASIC: re-encodes UKCALC.LST into UKCAL2.LST, moving the KOI-7 Cyrillic codes 64..126 up by 128 (KOI-8)",read out of PROGS.DSK 2026-09-06,,
programs/vvv/SAVTXT.PAS,SAVTXT.PAS,source,,,,,,,"turns any file into a text-shaped one: keeps the printable bytes, breaks lines at 78",read out of PROGS.DSK 2026-09-06,,
programs/vvv/SOUND.PAS,SOUND.PAS,source,,,,,,,"SOUND(K,T): a tone through the sound port (177524/177526, gated by 177604) - plays sixty rising notes",read out of PROGS.DSK 2026-09-06,,
programs/vvv/STARS.PAS,STARS.PAS,source,,,,,,,"a starfield: thirty dots fly out of the centre of the graphics screen and respawn, until the keyboard flag at 177440 changes",read out of PROGS.DSK 2026-09-06,,
programs/vvv/STONH.PAS,STONH.PAS,source,,,,,,,"Not graphics: a calculation of machining conditions - DZ=120, L=1000, feed S, tool life, piece time TSHT and the output rate Q=TS/TSHT for three variants - a technology-course exercise",read 2026-09-06,2,76774a3b1956c1f6b9818e6ad5c0a869ace2ca0b003f28662fad4a7f184a762c
programs/vvv/STRVER.PAS,STRVER.PAS,source,,,,,,,"STRVERIF: checks a formula string over X, Y, T, P with the function letters S C N L E A Q - the verifier of the formula editor FORMUL.PAS beside it",read out of PROGS.DSK 2026-09-06,,
programs/vvv/TR.PAS,TR.PAS,source,,,,,,,"writeident: reads a Pascal source, collects its identifiers into a binary tree with counts and prints them sorted (a stack-driven walk)",read out of PROGS.DSK 2026-09-06,,
programs/vvv/ZAKRAS.PAS,ZAKRAS.PAS,source,,,,,,,"fills the graphics screen with random pixels, forever",read out of PROGS.DSK 2026-09-06,,
programs/vvv/minesweeper/DATSPR.SAV,DATSPR.SAV,program,high-level (runtime library linked),text,en,ascii,exited,,"Code generator from the K minesweeper's toolchain: reads the binary sprite data K.DAT (compiled-in name) and WRITES SPR.PAS - a Pascal module with procedure GETTABSPR holding the whole 64-sprite table as assignments. Proved working: with K.DAT alongside it runs clean and produces the 21-block SPR.PAS; without it, it dies at END OF FILE. Source DATSPR.PAS and its K.DAT both survive inside PROGS.DSK (LBN 59 and 66)",DATSPR.PAS read out of PROGS.DSK + a live run 2026-09-05 that generated SPR.PAS,2,bb3420d24b8850f53b69147a9f2864f147c5b68a1b98926eeabcb22297397117
programs/vvv/minesweeper/K.COM,K.COM,command file,,,,,,,"Build recipe of the minesweeper: PAS1 K=K, MACRO K, LINK K,PASLIB,RND,PAS1,FORLIB, then run - the vvv104 disk1 / PAPER form (links the RND unit)",read 2026-09-06,3,7c360a72f4912e1e9ffcee9ce476cbf40051c5eec5cf9c6e9579a6363f0cdd99
programs/vvv/minesweeper/K.MAC,K.MAC,source,,,,,,,"MACRO-11 listing of the minesweeper (a disassembly-style listing, 000000 HALT ...); written in 256-byte records - every 512-byte block is half text, half zeros, identically in all three reads, so that is the file's own shape, not damage",three reads compared 2026-09-06,1,927a7e4fb11185c4e2f56426f71a9d18cdb0250323bf7f914b60b7bee76e6497
programs/vvv/minesweeper/K.PAS,K.PAS,source,,,,,,,"PROGRAM MINESWEEPER, the EARLIER version - the single-file source of K.SAV as the PAPER/disk1 kit carried it: a fixed 16x16 field with 40 mines, no menu and no win check yet, the 16x8 sprite blitter SETSPR writing straight into video RAM, LOADSPRT reading DK:K.SPT, cursor keys / space / Enter play, ESC N quits; RND and RANDOMIZE are EXTERNAL - the RND.PAS unit beside it, exactly as K.COM links them.  The later, modular version 1.01 is in v1.01/ (the directory dates do not tell them apart - both K.PAS carry 1995-04-01, and a PIP copy re-dates a file - the code does)",,2,8693d4852568974702611448ae37dbae7d7e8ce5fcc8c85a13bf677877f0aa63
programs/vvv/minesweeper/K.SAV,K.SAV,program,Pascal (source on the disks),graphics,en,ascii,failed 4/8,runtime error: DEVIDEBYZERO-FROMPC024534.,"Minesweeper by V. V. Voronkov in Pascal, 1995 (K.PAS is on the same disks); this build stops at once with ""DEVIDE BY ZERO - FROM PC 024534""",program screen,2,d13d3474d6524aba09be8153c857f1c3cd974e9b9f1f1008a0e6a2167ffd821f
programs/vvv/minesweeper/K.SPT,K.SPT,data,,,,,,,"The minesweeper's SPRITE TABLE: 64 sprites of 8 words (16x8 dots) each, 1024 bytes; K.PAS loads it with LOADSPRT('DK:K.SPT') - with it K paints its full board, without it dies at the door","K.PAS source (RESET(F,FILNAM,'SPT'), LOADSPRT) + probe 2026-09-05",2,c85b883c619414cb96645ab9328024b125604565300d62aab3a154bf391718b2
programs/vvv/minesweeper/PROGS.DSK,PROGS.DSK,data,,,ru+en,koi8-r,,,"Voronkov's logical-disk container (volume PROGRAMS, owner VVV, 208 blocks) with the whole workshop of the later, modular minesweeper: K.PAS (the menu-driven main program), MS.PAS and RND.PAS (two revisions of the game-logic module), SPR.PAS (sprite table + blitter), CHECK.PAS, DATSPR.PAS with K.DAT, the encoded help K.HLP - and some twenty small Pascal programs written around it (a starfield, the knight's tour, note frequencies, a DUMP inverter, a Norton Commander mock-up...).  The minesweeper files are unpacked in v1.01/ with the help decoded, the rest in the vvv folder above",directory and every file read 2026-09-06; K.HLP decoded with CODTXT in the emulator,1,f6da77542d219c077efe09dece6498f6378920498317e9708b66173eb5973c0b
programs/vvv/minesweeper/RND.OBJ,RND.OBJ,object/library,,,,,,,"Object module of the RND.PAS random-number unit, as LINKed into K.SAV",,2,660a3c23c7414775ee4090548033f361a3d9f16c4f8c0695c008a4a4b8407867
programs/vvv/minesweeper/RND.PAS,RND.PAS,source,,,,,,,"Random-number unit: Rnd(Seed) - a 16-bit multiplicative generator returning seed/32767 - and Randomize(Seed) seeded from the clock (time*1000); the unit the single-file K.PAS declares EXTERNAL and K.COM links (LINK K,PASLIB,RND,PAS1,FORLIB).  Not the RND.PAS inside PROGS.DSK, which is a revision of the game-logic module (the PAS1 'ZSK OVERFLOW' incident of the emulator work was that one)",read from the source 2026-09-06; K.COM of the same kit,2,b5169280eb8a49015616be0b3148f1132ce00d2152be489a75816913e91d85c3
programs/vvv/minesweeper/v1.01/CHECK.PAS,CHECK.PAS,source,,,,,,,"CHECK: an integrity check of the game's own .SAV - sums its words, compares with the stored checksum, halts with a rude message on a mismatch, then reads the sprite table appended to the file",read out of PROGS.DSK 2026-09-06,,
programs/vvv/minesweeper/v1.01/DATSPR.PAS,DATSPR.PAS,source,,,,,,,source of DATSPR.SAV: reads K.DAT and writes SPR.PAS,read out of PROGS.DSK 2026-09-06,,
programs/vvv/minesweeper/v1.01/K.DAT,K.DAT,data,,,,,,,the sprite data DATSPR reads: 63 sprites of 8 words (an earlier revision of K.SPT),read out of PROGS.DSK 2026-09-06,,
programs/vvv/minesweeper/v1.01/K.HLP,K.HLP,data,,,,,,,"the game's help, two screens of text encoded with CODTXT's stream cipher (the first two bytes seed FORTRAN's RAN, every next byte is shifted by TRUNC(RAN*256)); decoded below",read out of PROGS.DSK 2026-09-06,,
programs/vvv/minesweeper/v1.01/K.PAS,K.PAS,source,,,,,,,"the modular main program of the later minesweeper: the F9 menu (Help F1, New F2, Beginner/Intermediate/Expert F3-F5, Custom F6, Marker on/off, Best times, Exit, Version), the cursor moves, VZRYV (a mine goes off) and POBEDA (the field is cleared); the field, sprite and help code is in the modules below",read out of PROGS.DSK 2026-09-06,,
programs/vvv/minesweeper/v1.01/MS.PAS,MS.PAS,source,,,,,,,"the game-logic module: SETPOLE lays the mines and draws the board, HELP reads and decodes K.HLP, BEGINNER 8x8/10, INTERMEDIATE 16x16/40, EXPERT 30x16/99; carries its own copy of the sprite table and blitter",read out of PROGS.DSK 2026-09-06,,
programs/vvv/minesweeper/v1.01/RND.PAS,RND.PAS,source,,,,,,,"another revision of the same game-logic module (`{$E+}` separate compilation) that also holds CUSTOM, BESTTIMES, VERSION, MENU and the cursor/open/mark procedures - not the random-number unit of the same name in the parent folder",read out of PROGS.DSK 2026-09-06,,
programs/vvv/minesweeper/v1.01/SPR.PAS,SPR.PAS,source,,,,,,,"the sprite module: GETTABSPR with the 63-sprite table as assignments (the output of DATSPR), SETSPR drawing a 16x8 sprite straight into video RAM in put/or/xor modes, PUTCUR/RESCUR for the board cursor",read out of PROGS.DSK 2026-09-06,,
programs/vvv/minesweeper/v1.01/TYGRF.PAS,TYGRF.PAS,source,,,,,,,a sprite-file viewer: asks for a file of 8-word sprites and draws them with SETSPR in either graphics mode - the blitter's test bench,read out of PROGS.DSK 2026-09-06,,
software/apps/ART.SAV,ART.SAV,program,assembler (no runtime library),graphics,ru,koi8-r,ran,,"Colour paint program: menu bar (print / file / attributes / brushes / mix / buffer, window / fill / zoom / text / shapes) and a mouse pointer",program screen,6,4addab020df1fbde631f8ea1b98c986cea54dc570dbb9e8ab0b6f251313b86ec
software/apps/DEF.SAV,DEF.SAV,program,high-level (runtime library linked),text,en,ascii,ran,,"Fault-finding HANDBOOK (DEF = дефекты): a loader menu 'ЗАГРУЗКА ПРОГРАММЫ - СПРАВОЧНИК' (Cyrillic drawn with Latin glyphs) offering a search mode (Х) and monitor exit (Е); the baked-in texts are diagnostic verdicts - 'СИСТЕМА НЕИСПРАВНА НЕ УСТ. В 0', 'АВАРИЯ', 'НОРМА', 'задайте задержку T(мкс)=N*4'. Linked as a DEBUG build (OMSI Pascal Debugger V2.2 inside). In the CLI probe it paints the menu and ignores every key (Latin, KOI-7 and real Cyrillic alike) - likely raw РУС-keyboard input; worth trying in the GUI. Possibly the player half of the EDSP frame system on the same 062 disk",strings + live key experiments 2026-09-05,1,8de9d30f44dd37782749140a9fe9ffb3748f57f63b605f309c4a4bad0d45b9c2
software/apps/EDSP.SAV,EDSP.SAV,program,assembler (no runtime library),text,ru,koi8-r,ran,,"Frame ('кадр') EDITOR - an authoring tool with the menu Видео / Редактирование / Сжать / Сборка / Печать / Картотека and commands 'Записать кадр', 'Загрузить файл', 'Окно': courseware/reference frames assembled from a card-file, in the АОС tradition; plausibly the authoring half of DEF's handbook. The sole surviving build is 70% zeroed blocks - the confirmed-unreadable one among the eight truly broken",surviving menu strings 2026-09-05,1,e171c561fda7b38a581f99413fd0e8e52a9c9fbe917b1883f47a4e525eb7345c
software/apps/FCAD.SAV,FCAD.SAV,program,high-level (runtime library linked),graphics,ru+en,koi8-r,ran,,"FunctionCAD v1.1 for the MS-0515 (1994, A. V. Domnich): plots functions and draws them on an EM7052 pen plotter; F-key menu",program screen,1,f1efd762b7a0b03a02a833bf4a31545b848549d1da51dbcf09f95c605edb9ebe
software/apps/FCON.SAV,FCON.SAV,program,assembler (no runtime library),text,ru,koi8-r,ran 7/8,,"File-system converter (Омега, Львов, experimental, July 1993) bridging THREE worlds: RT-11 (any device, catalogue/delete/rename), DOS FAT floppies (root dir, volume label, capacity/free in KB, write-back), and ZX Spectrum TR-DOS (catalogue with start/length/sectors, both directions). Auto-detects 40/80-track SS/DS. Porting-pipeline features: marks files copied from TR-DOS as 'программа в кодах Spectrum для дизассемблера', converts Spectrum screen images, transcodes text between code pages. Needs SL.SYS fetched - absent on Rodionov's system, hence its one error cell in the cross. The very conveyor the Omega Spectrum ports came through",full string vocabulary + menu screenshot; SL dependency proved by load bisection; shipped as .SAV: the .EXE name is the collector's later renaming on disk4,1,e8179a455487afdde5625282fb7d161d826f454b823401f8249a73c3ac117592
software/apps/GAUSS.CLC,GAUSS.CLC,data,,,,,,,"UKCALC worksheet («POWERR SPREADSHEET» header - UKCALC's own file format): solves a system of linear equations by Gauss elimination, cells with formulas like C3-C6*A3, B2/A2",read 2026-09-06,2,d39bba3a71dfd6a3179677dd328a79d09fc090587c5071fe8aaebf63505fc221
software/apps/KRAMER.CLC,KRAMER.CLC,data,,,,,,,"UKCALC worksheet: solves a 2x2 linear system by Cramer's rule - cells for the determinant («Det A =», A1*B2-B1*A2), Dx, and «x=», «y=»",read 2026-09-06,2,9f76d84b36f50ab1951e183d2bdce1d0edd67558fb91794158a91d2ac79ab48a
software/apps/TR7004.SAV,TR7004.SAV,program,high-level (runtime library linked),graphics,en,ascii,ran,,Keyboard trainer/test for the MS7004 keyboard (name after the keyboard model); prints what it receives,identified 2026-09-05; shipped as .SAV: the .EXE name is the collector's later renaming on disk4,1,786724f31b3f22816cd99cce3c561ccd8cc184a640fdf5c78f8fb6a808ee0c53
software/apps/UKCALC.LST,UKCALC.LST,text,,,,,,,"Operator's manual of the UKCALC spreadsheet (listing form). Three reads of disk5 survived; this is the one clean one, the other two carry corrupt blocks",three disk5 reads compared 2026-09-06; canonical version picked in decisions.tsv,1,d22d7d5ef6dcc6f85749d119f98250f4eb4b0105e9ebc52ea485092c5b91498e
software/apps/UKCALC.SAV,UKCALC.SAV,program,assembler (no runtime library),text,en,ascii,ran,,"UKCALC, a large-format spreadsheet; has its own operator manual (UKCALC.LST)",RTK MIKRO manuals (disk5); shipped as .SAV: the .EXE name is the collector's later renaming on disk4,1,344089474944f063ec3aa279eb90595d4806b748774dadb3de519fe3f01bd810
software/apps/UMN.SAV,UMN.SAV,program,BASIC (source on the disks),graphics,ru,koi8-r,ran,,"Multiplication-table trainer in machine code («проверяем таблицу умножения»): move the cursor to the right digit and press ВК; «много ошибок» when you fail, «ещё раз д/н» at the end. Shipped as UMN.SAV; nothing to do with UMN.BAS beyond the topic",strings 2026-09-06; shipped as .SAV: the .EXE name is the collector's later renaming on disk4,1,0f2c6505944b3257c18542796a2ff0073babf35879a9269b9c6a4cfef5f272eb
software/apps/buhgal/AAUSER.MSH,AAUSER.MSH,data,,,,,,,"Registration block of the savings-bank workstation: branch identity '7503/0141 00010001' (отделение/филиал 7503/0141, window 0001) plus a few config words; the deposit records themselves live past the file area of the Buhgal disk",hex dump 2026-09-05,1,7acb930cd11239e7f16ed91b9b30cfefe103a122818aa4f69f34d5cc254456c7
software/apps/buhgal/KZARM.SAV,KZARM.SAV,program,assembler (no runtime library),text,,,needs 7/8,needs a printer,"Printer self-test of the savings-bank workstation ('КЗ АРМ' - контрольная задача): 'ПУ не готово! Когда будет готово, нажмите Y', repeat/exit prompts",its own strings,1,c463389c91345f49cfd034bb049c21e3e4edc1632771d3a45bdd68c2a1579209
software/apps/buhgal/PMK.SAV,PMK.SAV,program,assembler (no runtime library),text,ru,koi8-r,needs 6/8,needs companion files on its own floppy,"Savings-bank teller workstation, 'PMK Версия 1.2': deposits and payments (ВКЛАДЫ/ПЛАТЕЖИ), operational-day cycle (ОТКРЫТИЕ/ПЕРЕРЫВ/ПРОДОЛЖЕНИЕ/ИТОГИ/ЗАКЛЮЧЕНИЕ), deposit kinds incl. ДЕТСКИЙ and МОЛОДЕЖНО-ПРЕМИАЛЬНЫЙ. The Buhgal monitor autostarts it; it accesses its data past the file system, so it lives only on the byte-copy - where it boots into an operational day interrupted 03.04.02 (in use until 2002!). To enter: type the interrupted day's date, digits only (030402)","strings + live session 2026-09-05: booted the byte-copy, resumed the 2002 day to the ВКЛАДЫ/ПЛАТЕЖИ menu",1,ba7088e7f00166d6ed10847b75898f6178df131dba97d9e9fa1393c35e9a24af
software/apps/rbd-mikro/CHART.DOC,CHART.DOC,text,,,,,,,"Manual of the CHART graphics package of RBD-MIKRO (1988): bar/stacked/line/sector diagrams from a database, the command file format (OB, OC, TD, ZG...), keyboard table, and a sample bar chart drawn in pseudo-graphics. One stretch was lost in all three reads of disk5 - 153 bytes at the end of block 7, the description of the 'open database' command. It is restored here from INTRDB.DOC, the sister manual of the same package, which documents the same OB command in the same words (the text on both sides of the gap matches INTRDB's paragraph word for word); INTRDB's wording is a few bytes shorter, so the line is padded with spaces to keep every other byte in place",three disk5 reads + the matching paragraph of INTRDB.DOC 2026-09-06; canonical version picked in decisions.tsv,1,464b1c189aff7c340d5d42c4149beb5e73b5bd3a7e6956a0b2e92426483943d1
software/apps/rbd-mikro/COLRDB.SAV,COLRDB.SAV,program,high-level (runtime library linked),text,en,ascii,ran,,Column-maintenance program of RBD-MIKRO,RBD-MIKRO manuals (disk5),1,a0423de1b48f54428b9b5f62fc11424b152d1640dcf51da9a2141b520f73eca9
software/apps/rbd-mikro/CRERDB.SAV,CRERDB.SAV,program,high-level (runtime library linked),text,en,ascii,ran,,Creates a database; part of RBD-MIKRO,RBD-MIKRO manuals (disk5),1,e5eca59004d94170d3077aaa86c0b30a9876e62554d37e704f903826b7b6e822
software/apps/rbd-mikro/EDDOC.DOC,EDDOC.DOC,text,,,,,,,RUNOFF manual: «Технологический комплекс РТК МИКРО - средства генерации документов» - the document-generator of the РБД-МИКРО system,title lines 2026-09-06,1,f891a9dc10750c616d00136eabe61b38b646d51c572e3ee0e43704e20fd6c15c
software/apps/rbd-mikro/EDRDB.SAV,EDRDB.SAV,program,high-level (runtime library linked),text,en,ascii,ran,,Database editor; part of RBD-MIKRO,RBD-MIKRO manuals (disk5),1,3989e225f212146ba1bdeb6a8a2622074eac09aa1830fe27761691844428ace3
software/apps/rbd-mikro/GENRDB.DOC,GENRDB.DOC,text,,,,,,,RUNOFF manual: «РТК МИКРО - реляционная СУБД для микро-ЭВМ» - the database generator,title lines 2026-09-06,1,6821ef31460b8dcde445f5836e05e295c5df18e50e9f00f2a00d6a1e566aa4a0
software/apps/rbd-mikro/GENRDB.SAV,GENRDB.SAV,program,high-level (runtime library linked),text,en,ascii,ran,,Task generator of RBD-MIKRO,RBD-MIKRO manuals (disk5); shipped as .SAV: the .EXE name is the collector's later renaming on disk4,1,f1382725169d00e7cd1db32f43f9f5df489bdf5ef6d93615a48de47d0f9af477
software/apps/rbd-mikro/INTRDB.DOC,INTRDB.DOC,text,,,,,,,"RUNOFF manual: «РТК МИКРО - реляционная СУБД для микро-ЭВМ», the introduction to РБД-МИКРО",title lines 2026-09-06,1,1309670b6206af8833cc37aad0ae6f6b2caad2be4af2bea2d907a169687cfa99
software/apps/rbd-mikro/MENU.DOC,MENU.DOC,text,,,en,ascii,,,RUNOFF manual: «РТК МИКРО - система меню» - the programmer's menu shell of the complex (the largest of the set),title lines 2026-09-06,1,7d83b6dd300b475d8cc904142ec5e14e828c25f736b92de0fd161018c73b4e07
software/apps/rbd-mikro/MERRDB.SAV,MERRDB.SAV,program,high-level (runtime library linked),text,en,ascii,ran,,Merges two databases; part of RBD-MIKRO,RBD-MIKRO manuals (disk5),1,dffdc87ad674b68986fcaaad39432b7b95c062b6f59c92fa7c677afcfe03857a
software/apps/rbd-mikro/RDBEK.DOC,RDBEK.DOC,text,,,,,,,RUNOFF manual: «РТК МИКРО - реляционная СУБД для микро-ЭВМ» - the operator's (эксплуатационная) part,title lines 2026-09-06,1,ea476fe1d20fae73307aed448cb10a9eca2e2e25b9ce3e40bf582f69cb586d4d
software/apps/rbd-mikro/RDBPR.DOC,RDBPR.DOC,text,,,en,ascii,,,RUNOFF manual: «РТК МИКРО - реляционная СУБД для микро-ЭВМ» - the programmer's part,title lines 2026-09-06,1,62c6adf33ddd06a74e118ee642f3d99a646bd391433f27294efaadfb19d50e3f
software/apps/rbd-mikro/RETRDB.SAV,RETRDB.SAV,program,high-level (runtime library linked),text,en,ascii,ran,,Query program of the RBD-MIKRO relational DBMS; the document generator (EDDOC) plugs into it,RBD-MIKRO manuals (disk5); shipped as .SAV: the .EXE name is the collector's later renaming on disk4,1,4aba763a8b73100bc951aaa00a486818be03ae92e72b8c3950384f0d8bba0abd
software/apps/rbd-mikro/SORRDB.SAV,SORRDB.SAV,program,high-level (runtime library linked),text,en,ascii,ran,,Sorts a database; part of RBD-MIKRO,RBD-MIKRO manuals (disk5),1,87cb74fc49b7aa0629d7fa153f293f5c5bb515e2d9932c36cbb148175041e4d9
software/apps/rbd-mikro/UNIRDB.SAV,UNIRDB.SAV,program,high-level (runtime library linked),text,en,ascii,ran,,Joins databases of the same shape; part of RBD-MIKRO,RBD-MIKRO manuals (disk5); shipped as .SAV: the .EXE name is the collector's later renaming on disk4,1,10c2aaace89fccf0a3bee3baae56e6c87719c8353f4b52df7d2a182141029d5d
software/games/BIRDS.SAV,BIRDS.SAV,program,assembler (no runtime library),graphics,,,ran,,Colour arcade game with a score and wave banner across the top,program screen,7,c6dde7f70e98bb76911af562a39e79254b02a091c40132e17c4d1a6091e9e69c
software/games/DERBY.SAV,DERBY.SAV,program,assembler (no runtime library),text,ru+en,koi8-r,ran,,Horse-racing game; asks the player for a rank (1-7),program screen,2,aad31bccf552c3a3842cfccb364d8a6bf59ba5cd1952b49d33bb346cd5ced255
software/games/EXPRES.SAV,EXPRES.SAV,program,assembler (no runtime library),graphics,en,ascii,ran,,"Arcade game set on a moving train, 1990; score line reads TOP / SCORE / TIME / CAR / STG",program screen,6,c099088f83bc2b8dc46df1b418f3d447509e87237a639f6ece44724e08443878
software/games/EXPRES.TXT,EXPRES.TXT,text,,,,,,,"The rules of EXPRES in KOI-7 («игра начинается с демонстрации нескольких попыток…»): Enter to start, three tries to reach the middle of the train…",read 2026-09-06,5,248e2144eeaf1777c91090006a7e91516c9d742d969f06eeecb169bc00ecc46d
software/games/GO1.SAV,GO1.SAV,program,high-level (runtime library linked),text,en,ascii,ran,,Board game (go); first asks whether to print the game on the line printer,program screen,2,39e5f6c84047f38fd9752e857ab7c9994a37cb00c1d3110cbebe1bbfe64b9891
software/games/KALAHI.SAV,KALAHI.SAV,program,high-level (runtime library linked),,en,ascii,ran,,"Kalah (mancala) against the machine; asks whether side A is played by the machine or a person. The same program as KALAH.SAV of the System2/bg0515 disks, which differs by ONE bit (0o10244: MOV 2(SP),@4(SP) rotted into MOV 10252,@4(SP)) - this copy is the sound one and the only one shipped",byte diff + disassembly 2026-09-05,2,0a8f7c895cd7b9231a65ede75be2a3a9a5b831d3e354186c6e451ff8037e5e97
software/games/KAM1.SAV,KAM1.SAV,program,high-level (runtime library linked),text,en,ascii,ran,,Stops with ?I/O ERROR: RESET FAILURE on DK:KAMENS.DAT - it needs that data file next to it,program screen,2,f10783e4156e17f4c76ff58872039c3ff1ae567bf1dd676adc90606710957578
software/games/KAMENS.DAT,KAMENS.DAT,data,,,,,,,"The level maps of KAM1: text pictures drawn with @ characters, a header of two numbers per level (16 x 10 cells)",read 2026-09-06,2,4f69261194cbb0cf2781fba7b7011359445c561258e60e762e2803c43315c965
software/games/KING.DAT,KING.DAT,data,,,,,,,"The saved kingdom of KING.SAV: one block of counters (grain, population, land…) the game reads at start",bytes 2026-09-06,3,31938e66077ef5aa83d94e03f2c2b80f494891e04dbd787db8f991cdc01649ce
software/games/KING.SAV,KING.SAV,program,high-level (runtime library linked),text,ru+en,koi8-r,ran,,"Kingdom simulation ""Korolevstvo Eyforiya"": asks how many years you intend to reign",program screen,2,f7cae66627e538cb2ead6dc5c79b481be0f2f3468e9e514234e1937df36cf70e
software/games/KOSTI.SAV,KOSTI.SAV,program,high-level (runtime library linked),,,,ran,,Dice game; offers instructions first (y/n),program screen,1,94d1a20b0b8c77019debce724dde1206d0990b18a34de336ffe5bf431f2b7c6b
software/games/LOTOS.SAV,LOTOS.SAV,program,high-level (runtime library linked),text,ru+en,koi8-r,ran,,"""Lotos game"": menu of S-speed, R-rank, N-quit, D-start",program screen,2,ac6bfe7d6521cfc4f5dac9d26b6aadddc95560df5f093a70a2c635ff9d7a3eaa
software/games/LOVE.SAV,LOVE.SAV,program,high-level (runtime library linked),text,ru+en,koi8-r,ran,,"Questionnaire ""attitude to the opposite sex""; asks the player's name",program screen,1,4c876c6503579d052ba14e3c29028afe5f67f6bda7bf28953e08e7aa84c5c465
software/games/MARS.SAV,MARS.SAV,program,assembler (no runtime library),text,,,ran,,"Martian-invaders game, Russian KOI-7 edition: shoot Martians, intercept bombs (scoreboard: уничтожено марсиан / перехвачено бомб / пущено ракет / повреждение установки), with a persistent PLAYER REGISTRY and class-marathon progression ('вы приглашаетесь на марафонский забег в классе...', 'не суетись под клиентом!'). Wants DK:MARS.DAT (RAD50 filespec in the binary) - the registry is lost, a zeroed stand-in is rejected, and login loops forever; the game proper is unreachable until MARS.DAT's format is reverse-engineered. MARS2.SAV is the same binary in German - the game likely arrived from a German PDP-11 source",strings + RAD50 scan + live registration attempts 2026-09-05,2,d84a2812f51750b2e1bd5808a73e38a5def6740d163ed058e4ff113934f121ec
software/games/MARS2.SAV,MARS2.SAV,program,assembler (no runtime library),text,,,ran,,"The German-language sibling of MARS.SAV - same binary layout, same game: 'MARSFLUGKOERPER', 'KENNWORT ?', 'GREENHORN ?', 'SPIELE DU WOANDERS', 'SIE MACHEN GROSSEN MIST, DESHALB WERDEN SIE ABGE`L O Z`T', scoreboard 'VERN. MARSIANER / ABGEF. BOMBEN'. Probably the original the Russian edition was translated from",strings; offsets match MARS.SAV field for field,1,5a8dbe32cf5209b847c953da98b7938c97db5265cf771983d0ff9b42260cfad2
software/games/POKER.SAV,POKER.SAV,program,high-level (runtime library linked),text,ru+en,koi8-r,ran,,Poker; asks the player's name first,program screen,1,25861f6904b4d629c4d68a53a06523198aefa906de354ae40733b18ff14a57a5
software/games/TEN.SAV,TEN.SAV,program,assembler (no runtime library),text,,,ran,,"Tennis (vertical Pong) in character graphics, 1 or 2 players: rackets at the top and bottom move left/right, serve on 'B', ball speed 1-7, score drawn in giant asterisk digits - and fully REMAPPABLE controls ('ASSIGN FUNCTION TO KEY BY PRESS KEY & CARRIAGE CONTROL'). Not related to TENNIS.BAS/TENNIS.SPT, a different BASIC tennis",strings + live match 2026-09-05 (court screenshot),2,0d70466980b9e8e859155f3d9332ca8c90991673c6843c62643135e432684ded
software/games/TIR.SAV,TIR.SAV,program,assembler (no runtime library),text,,,ran,,"Shooting-gallery game for up to eight players, drawn with text characters; columns for players, score and ammunition",program screen,1,ad9bdfd0e0bc196ad9263861fa3db3c8a51ba10f8554e43ac30de170a1bdc638
software/games/TROPA.SAV,TROPA.SAV,program,high-level (runtime library linked),text,en,ascii,ran,,"Russian version of The Oregon Trail: year 1786, the trail from Idaho to Oregon; asks for the player's nickname",program screen,1,4b45f0335a135d54c7767314c0aece728f4417e8bccfbb7f9f81b0075030d9c7
software/games/UDAW.SAV,UDAW.SAV,program,Pascal (source on the disks),text,ru+en,koi8-r,ran,,"Educational snake game 'ПИТОН' for junior schoolchildren (vowels eaten vertically, consonants horizontally), by Домнич Александр for IVF 'МИКРОТЕХ', Voronezh 1994, 6 difficulty levels. Its true name is UDAW.SAV: the program opens 'udaw.sav' (ASCII literal at 0x1306) and sums the first 1000 words - OF ITSELF; the sum of this very binary is exactly the expected -27004, so it is a self-integrity check against renaming/tampering, and a failed check prints 'Привет хакерам!!'. The surviving copies were renamed to .EXE, which is what broke them - put back as UDAW.SAV it runs whole, no key needed","user's insight 2026-09-05, proved: sum(first 1000 words of UDAW.EXE) = -27004; renamed copy runs clean with no taunt; UDAW.PAS + EXE strings; shipped as .SAV: the .EXE name is the collector's later renaming on disk4; the same file as in programs/domnich/piton/, where its source is",2,1c5bad7a40b50a7c86267c70d73d7bb4aae538f0d1d6d6399caf17d864c44634
software/games/osa-rs/HANOJ.SAV,HANOJ.SAV,program,high-level (runtime library linked),,en,ascii,ran,,The Towers of Hanoi as bg0515 carries it - the same program with its text in the other letter case (1467 single-bit flips: the case bit),program screen; the ОСА with the RS profShell build,1,8539451a954f28fee71e43465e72cdaf9e8c7d60a8d0c69a77af32e4e9379c13
software/games/osa-rs/KOSMOS.SAV,KOSMOS.SAV,program,assembler (no runtime library),text,,,ran,"bare prompt, no answer to a bogus file name","KOSMOS of the System, System2, System3, bg0515 and osa disks - the text in one letter case",program screen; the ОСА with the RS profShell build,5,bf9f023cfc02173d2050eb7ebbcc54007ef1894f3cf060cb26d7eabf22c66ce0
software/games/osa/HANOJ.SAV,HANOJ.SAV,program,high-level (runtime library linked),,ru+en,koi8-r,ran,,The Towers of Hanoi as the ОСА disk 058 carries it - the text in KOI-7 upper case (Cyrillic on a РУС terminal),program screen; the the ОСА kits build,1,8a26615bd36df533ad5300c59c14199087372775803e14ca3e21f57214d8079d
software/games/osa/KOSMOS.SAV,KOSMOS.SAV,program,assembler (no runtime library),text,ru,koi8-r,ran,"bare prompt, no answer to a bogus file name",KOSMOS as 058 and 066 carry it - the same program with its text in the other letter case (case-bit flips),program screen; the the ОСА kits build,2,4bef3e9dbf43244378e68a0e286ec3926a0e883346b70ad2d6dd55c356ffc651
software/games/pacman/LABRN.DAT,LABRN.DAT,data,,,,,,,"Best-results file of the LABRN Pac-Man: place, name, date, points, class, total (one entry survives: TOM, 12-FEB-93, class 5); the game refuses to start without it",seen in the game 2026-09-05,2,ef6a74aec485d1f4f9f03050e5dd8af6bae442a12722292926f247c42aa41a20
software/games/pacman/LABRN.SAV,LABRN.SAV,program,assembler (no runtime library),text,ru,koi8-r,ran,,"Pac-Man in a big ASCII labyrinth (LABRN = лабиринт): you are «>O<», eating the dots of the maze, «@» are the ghosts, a start/finish line marks the lap; runs are «забеги», sets of runs «матчи» (П continue the run, Н new run, М new match), difficulty is the «класс» 1-127 asked at start; keeps a best-results table (place, name, date, points, class, total) in LABRN.DAT and saves yours on «ЗАПОМНИТЬ [Д/Н]». Refuses to start without a system date («НЕТ ДАТЫ») and without its results file",played in the GUI by the owner 2026-09-05,2,fdfbe94655a1415364be147596b3b0ccee5eed8f4c555a2974bb8c045c025b44
software/games/pacman/PAC6.SAV,PAC6.SAV,program,assembler (no runtime library),text,,,ran,,"PACMAN V5.2 with six mazes («Pac-hall» table, «начнём?», «ещё раз?», «Don't move program volume») - shipped as PAC6.SAV: the program opens DK:PAC6.SAV, its own file, where the six 2 KB text mazes sit from byte 0x1400 («I read maze»), so SP16 was a later renaming. Answer Y at «начнём?»; keys 4/6 left-right, 8/5 up-down. Plays in the GUI; the headless CLI runs the machine unthrottled unless started with --realtime, so the probe saw the game over before it started",code + played in the GUI 2026-09-05,2,5357fe9ac835f7d5fa5d209bdc4a0d321dcf4da8cc28bc9e32306a7798f046b0
software/games/pacman/PACM.SAV,PACM.SAV,program,assembler (no runtime library),text,,,ran,,"Pac-Man («PAC-HALL» score table of twenty lines, BEGIN? / ONCE MORE?) - shipped as PACM.SAV: the program opens DK:PACM.SAV, its own file, so SP15 was a later renaming. Answer Y at BEGIN?; keys 4/6 left-right, 8/5 up-down. Plays in the GUI; the headless CLI runs the machine unthrottled unless started with --realtime, so the probe saw the game over before it started",code + played in the GUI 2026-09-05,2,4e8fbea068c68356619eb56387f34ec5b9cbf229f23282bcf666b2f50886cf58
software/games/pacman/SP13.SAV,SP13.SAV,program,assembler (no runtime library),text,,,ran,,"Game with a hall-of-fame table of past players and scores; asks whether to start. Keys 4/6/8/5; plays in the GUI (the CLI needs --realtime, unthrottled it ends at once)",code + played in the GUI 2026-09-05,5,9355ca276038b2a509d61aba727aff4408a61ef355dd0a14162da918c2a53a84
software/games/pacman/SP49.SAV,SP49.SAV,program,assembler (no runtime library),text,,,ran,,"Game ""Labyrinths of power"" with a hall-of-fame table of past players and scores. Keys 4/6/8/5; plays in the GUI (the CLI needs --realtime, unthrottled it ends at once)",code + played in the GUI 2026-09-05,1,bc63d8dfc115275cfdc7c998e91aeb238be79db064d7579e4f39c239ff373f1b
software/games/sabot2/omega/SABOT2.DAT,SABOT2.DAT,data,,,en,ascii,,,The game body of the omega-games disk 059 (1991): a different build of the same 85 blocks - the one that reads the joystick on the MS7007 PPI port B (177542),,2,f8f18a6b29faa8b153e2d0f12ec334a9adebb9f5a75ed6d4557565195126d636
software/games/sabot2/omega/SABOT2.SAV,SABOT2.SAV,program,assembler (no runtime library),graphics,,,ran,,"Game (Saboteur 2, omega-games 1991); on a disk of its own it prints ""file not found"" and its title screen comes out mangled - it needs its companion data files",program screen,6,e3c2ec43b7c1a4a32f4e942397e13fc61c07ca511cbc042f322465c3d0013e22
software/games/sabot2/osa/SABOT2.DAT,SABOT2.DAT,data,,,en,ascii,,,"The game body as the ОСА disks (058, System, System3, osa) carried it - 85 blocks the loader SABOT2.SAV reads into high memory; keyboard control",,4,b99dc2b4ba0f4462dc7242c5a473f85d41df7601945cc397c7255814e41f5f0e
software/games/sabot2/osa/SABOT2.SAV,SABOT2.SAV,program,assembler (no runtime library),graphics,,,ran,,"Game (Saboteur 2, omega-games 1991); on a disk of its own it prints ""file not found"" and its title screen comes out mangled - it needs its companion data files",program screen,6,e3c2ec43b7c1a4a32f4e942397e13fc61c07ca511cbc042f322465c3d0013e22
software/games/tetris/PENT.SAV,PENT.SAV,program,assembler (no runtime library),text,,,ran,,"Falling-blocks game (Tetris with pentomino-style pieces): level, lines and score; keys 7/9 move, 8 rotates, space drops, level selectable; labels in Cyrillic (KOI-8). RUBIS.SAV and TTR2.SAV are the same 5-block program with cosmetic differences",byte diff 2026-09-05,1,a9a8a1dc4d7eb732c949f02f1d53bdc469d5da4486b5f39413a6f9c9142b39c2
software/games/tetris/RUBIS.SAV,RUBIS.SAV,program,assembler (no runtime library),text,,,ran,,"PENT.SAV with its labels in KOI-7 transliteration («urowenx», «stroki», «o~ki», «e}e raz») for a terminal in РУС mode, and pieces drawn with '.' instead of '*' - otherwise byte-identical",byte diff 2026-09-05,1,f1b8959ffebba236cbcece029aa0acdb394c8cdd405669101693515fe552cbd6
software/games/tetris/TTR2.SAV,TTR2.SAV,program,assembler (no runtime library),text,,,ran,,RUBIS.SAV with two bytes changed: empty cells drawn as spaces instead of '.' (which makes the well look narrower) and one header word - the same Tetris a third time,byte diff 2026-09-05,2,4f6ecf81ef354517deb113d1e5fb45b30cccc6f82bac22af39b1c502392d5a6b
software/unsorted/2.SAV,2.SAV,program,assembler (no runtime library),text,ru,koi8-r,error,?MON-F-trap through vector 10 at PC 001002,"Floppy formatter 'V2.1X (C) 1990 By Borisov V.V.': Format/Check/Test menu, sector sizes 128..1024, 48/96 tpi, 1-2 sides - and it carries its own 'Wrong Hardware or Software !' check. Its first instructions are FP11 floating-point (SETD/SETI at 001000), which the KR1807VM1 lacks and which GETEML/EM do not emulate (they cover EIS/FIS opcodes only) - so it traps through vector 10 at its very entry on every build: software from an FPU-equipped PDP-11, not for this machine","disassembly at 001000 (170011=SETD, 170002=SETI) + banner strings; single copy on volume 063",1,56227623300a859d7e437973fd30da2fb1adf036140799034e29090ec5ee19bb
software/unsorted/EDSP.SAV,EDSP.SAV,program,assembler (no runtime library),text,,,error,?KMON-F-ОшибкачтенияSY:EDSP.SAV.Screenshot saved: disk_recov,"The frame editor EDSP as disk 063 carried it: the same 31 blocks as the running 062 build, but this copy errors out on every monitor of the cross-run - all 31 blocks differ from 062's, which is more than a bad sector explains.  Bad read, or a different build that needs something the probe disk lacked - not settled",surviving menu strings 2026-09-05,1,f380cf1840ba5479f28603429ee84521f27291415cae3aecda99caae61ae712f
software/unsorted/EXPRES.SAV,EXPRES.SAV,program,assembler (no runtime library),text,ru+en,koi8-r,exited,,"EXPRES as disk 066 carried it: 9 of its 38 blocks differ from the build the ОСА and ОМЕГА disks share, and it exits at once on every monitor.  Bad read, or a cut that wants something else - not settled",program screen,1,fc45ba1f75840d86fd4a602fca79f04020c02b8a74d7262f22b47ac53b1b66c0
software/unsorted/MSDOS.SAV,MSDOS.SAV,program,assembler (no runtime library),text,ru,koi8-r,exited,,Exits at once - a stub that only carries the name; nothing MS-DOS about it on this machine,identified 2026-09-05; shipped as .SAV: the .EXE name is the collector's later renaming on disk4,1,cf57c4e744371a5a8898c8b1056a815beb9cb05f26a6e0406eff3a9dddb85d0e
software/unsorted/PIP.SAV,PIP.SAV,program,assembler (no runtime library),text,en,ascii,error 7/8,?MON-F-trap through vector 10 at PC 005570,PIP.SAV as the vvv104 disk1 read gave it - errors on 7 of 8 monitors; the same physical diskette read as PAPER gave the ordinary running PIP,factory manual,1,f39c0fc8d98e8f0cfa143e50a639bc67bebfefaa9b3bf1cbb6e0d4677ae5c1f6
software/unsorted/TET.SAV,TET.SAV,program,assembler (no runtime library),text,en,ascii,error 7/8,?MON-F-trap through vector 10 at PC 022216,"Tetris - «ИГРА ПАЖИТНОВА А.Л.» on its title screen (KOI-7), built on the Whitesmiths C runtime of 1978; the surviving build stops with an error on every monitor",identified 2026-09-05,1,e6cfd4d257d057cf4a4b1f51992bb49f1756503822a59c8d482bad09bf67f6de
software/unsorted/ked/baspasfor/KED.SAV,KED.SAV,program,assembler (no runtime library),text,,,failed,dropped into ODT at 027110,KED.SAV as one read of the baspasfor diskette gave it - fails on every monitor; 25 of its 54 blocks differ from the running build.  The restored image of the same diskette holds the running one,byte diff of the family 2026-09-06,1,0cf91d1a2e17bade914fc788bb5aa42b0fbcf6c21699446e39fd785c7f50f370
software/unsorted/ked/disk1/KED.SAV,KED.SAV,program,assembler (no runtime library),text,ru+en,koi8-r,error 7/8,?MON-F-trap through vector 10 at PC 014502,KED.SAV as the vvv104 disk1 read gave it - errors on 7 of 8 monitors; the same physical diskette read as PAPER gave the running build,byte diff of the family 2026-09-06,1,a6cbcdb60ad08d584aa04357ce592159e369c5b738b9169628634840afb0489e
software/unsorted/ked/disk2/KED.SAV,KED.SAV,program,assembler (no runtime library),text,,,failed,dropped into ODT at 014360,"KED.SAV as the vvv104 disk2 read gave it - fails on every monitor; 34 of 54 blocks differ from the running build; the same diskette read as baspasfor also failed, differently",byte diff of the family 2026-09-06,1,5a76e4ae96aa8a4998b77ed4056304b78e4e82fd5dd37f8f96c8b8cabfca41ba
software/unsorted/primer/PRIMER.DOC,PRIMER.DOC,text,,,ru,koi8-r,,,"«Заполнение платёжного поручения» - a step-by-step instruction for a bank clerk: insert the diskette labelled ROSA, switch on, enter the date, pick R15.SAV in the commander, edit DOKUM.DOC=PLPARU.DOC, fill in the payment order… - the workplace of Rodionov's system",read 2026-09-06,1,1cc5a9a91595ed52f8f805776c3f63bf691f811d93d3b4953341214866ecf6ef
software/unsorted/primer/PRIMER.SAV,PRIMER.SAV,program,high-level (runtime library linked),text,en,ascii,failed,"runtime error: ?Err63Illegalinstructiontrapinroutine""""l","Fails on start, repeating ""?Err 63 Illegal instruction trap ... (PC=005342)"" - a runtime error, not a screen",program screen,1,5f0c5f8b076b0ef002c2d41bcf23be759990e7e44ed8cf5dfc583bcf7877e73c
